id,name
08e143be-4c07-4838-b815-d7a3c7b96550,Kimberly Barnes
d5e127d8-6593-4772-b6bc-6e0a33492669,Aaron Gardner
1aaef89b-d1d0-4ade-b1c8-fd1bcbef1a03,Jose Fox
d72d9a00-2f74-4eb9-9820-416cd6138f70,Kristina Snow
ede486af-1649-459c-9a42-e180454c7724,Luis Francis
a4477fb5-adbe-44f2-9b6c-e9d789bc044e,Scott Reyes
7c58826b-fe7c-4b29-8dd4-304e982267cd,Andrew Stewart
76664fae-fc0a-4aa4-871e-ad0f6fedd00a,Joshua Mann
37f1530d-0d2f-4f52-8a07-5c9f4ccb1ac8,Michelle White
84e39d49-f6db-4994-ab98-56ee4e5be9ca,Kenneth Hudson DDS
99a3ffaa-8888-442b-a64f-ea34668e7f49,Julie Barnes
39170ae2-12e4-4436-a78a-e6b16c797e74,Timothy Meyers
15b7db19-d39b-43a9-ab7d-be3b8af2a995,Kevin Jenkins
40b48c2d-ddc6-4b11-baaf-848f91d01ef7,Julia Baker
d6acaf4a-94b8-45ae-9364-e679d34fdd76,Martha Pineda DDS
8b294b0d-482a-4439-842d-99901df51e9e,David Hanson
0f7d27c9-1e8d-4576-abfa-20b51e23a32b,Bethany Baker
7f869a9a-d177-41c8-9264-d1b75cddc4f4,Andrea Page
f75b6940-0410-457a-b6b9-e4a1ed83d156,Tina Collins
c1ca4b97-06b4-4b97-b349-e0c72a3deecd,Brandy Ford
5c10d505-50fc-4f31-81d4-d2a169d62e61,George Cross DDS
2bce0378-66bd-4c4b-bbc9-5b9b75e73333,Diane Hunter
1c07d1e3-9635-4f72-b95f-ee582ff89ef4,Joshua Wells
b55df8b7-a99a-4c97-a587-b5716cdffffa,Brett Allen
3463a0be-02fd-44ad-9fe2-f26889ffef40,Justin Chambers
31cadf21-e06d-4cad-b96b-da311ba97e91,Eric Francis
d0629d0f-9541-45c6-ac95-390e838fcee9,Jessica James
bfbdd380-8a98-4c2e-9a61-da0a71e41e17,Heather Gomez MD
43145106-cffb-4661-a23e-0e3e5c4c76fe,Bruce Cole
60343100-7dd4-4a1e-9514-733e64c99eea,John Larson
f0168ac2-54ba-401c-ab0f-b6bf7da551c8,Diane Davis
eb34eb53-2eb8-49be-b18d-27b459b56dee,Christopher Hart
865b854c-1278-4f45-8c00-cabfdecac84c,Kenneth Nelson
40125e45-ef03-4059-9a35-5c4a9ca721d3,Robert Lane
40a6ba88-eac1-4b3e-9e87-3862872d6f11,Jacob Brown
e01f1ca9-7dbb-4cd5-b3eb-a7f0cef9b781,Shane Yates
9ec55757-55f8-43af-8143-a55908d11c4c,Brittany Barrera
92592e5c-165e-4a35-baa8-d93d797205ee,Ronnie Knight
38d864da-30dd-4e2b-b397-d47ade4f1b5a,Elizabeth Ryan DVM
6ecc520b-5218-4586-b8fe-75bfbd3005fa,Michael Conner
6aed7e8a-6941-40f0-9996-62a7bb8e1ad2,Jeremiah Smith
e217caa0-8bfc-4e10-b1e5-3399ee4d1196,Brian Johnson
f79aaff8-140a-49f9-a7ba-c659637a3330,Rebecca Rich
288fbf6e-e621-43a2-ad08-e946f8318fc4,Brandon Shannon
ea6b9520-d1f6-4730-9fb0-ad076e81e932,Christopher Barnes
c57032e0-d7a9-4cb5-911d-5b9ba5205831,Allison Oliver
eced0466-6e7e-4676-a4a3-7a184dd084c1,Andrew George
65ebac82-cadb-41bb-a7d2-ccd90ced5a3c,Keith Cook
7d3e7a02-991c-488d-af31-825aecd06074,Amy Andrade
c9e0578a-874a-4dc6-8c7a-0e705e0fae79,Joy Lam
388fefed-b28c-4bc5-af21-38c2b95a387b,Jeanette Johnson
797ea984-a93b-4a9e-a2eb-a5fc4e1023cc,George Garcia
896fb8ee-de0a-4983-8ea0-1d20511bcaa7,Michael Dean
422301a8-600a-4eac-aa80-9456075ab124,Casey Barnes
68087e0d-d217-41e4-aa2e-5ecdb6d08397,Richard Cannon
c13fc1f9-7b1e-48da-b811-336cefec8216,Michael Figueroa
dbf211ef-9081-4a41-b35f-b2ff3920e46c,John Lowe
2f023205-c18d-4a54-83b1-0dcc2b7cee25,Matthew Grant
319c7275-e908-4924-a749-a36395510dd4,Rachael Hobbs
f4f513c6-62f4-4da6-9669-af4cd76ffbf9,Susan Castillo
f0a34b2f-c33c-4717-b9fe-4c770d592e0e,Alexander Burke
631c7f7c-f923-4db7-938b-84611e4cab4d,Chase Garcia
b2fdfea2-e5e7-4775-9040-44beb6e9fd99,Cynthia Owens
0f515275-de9e-4ce7-baa0-fa0d02d9e014,Latoya Harrison
7bf7aeec-0218-4169-9c3c-184e428fced6,Michele Mayer
d95b1bcf-3d77-4046-a11a-c0507d01f21c,Amanda Martin
fceb3b5b-079c-45eb-8841-fd940b468a99,Thomas Houston
d859f16c-c038-433d-8713-19a94f7bbb43,Jaime Hester
83b6f226-895c-4289-80b0-f5c13ea77bc4,Sharon Evans
4d147e3d-1987-4fca-8c57-55f1a92365a2,Alyssa Martinez
f913eea6-0240-4fa0-811f-d48b5deb133a,Michael Bryant
8fc70397-273f-4e25-b9a7-c84152120bc2,Dana Smith
e889a51a-b782-40cd-810d-8290bdd64a69,Kathryn Day
76c4a55d-3501-43d2-94fc-eb778380a257,Christopher Cooper
43474fa8-e5a1-4c22-844e-b2b951d8b15c,Barbara Ward
0acbd702-90df-4637-910c-ae60debccf5c,Nancy Hernandez MD
88745257-7d28-49df-82eb-edd3e37420e7,Amy Ford
ddfbbbd5-7f7a-4675-b723-350316f8ed8f,Nicole Hall
3bb18b4f-28cf-4207-9d9f-1cc29505d873,Joshua Turner
73927dcf-6b9a-4683-82ca-cd6656b14931,Patrick Walls
b622342e-75f0-4f49-868b-7df7d11e5498,Victor Ramos
263c0045-9803-4ab8-934a-db0725625625,William Johnson
c6f61417-66f9-476a-8c5e-69769e1aa364,Sarah Haney
43b5ac9b-2bf7-44fe-8d88-b6317d8e40cb,Beverly Parker
7429eb5a-5d22-4b44-a949-f15797018b74,Madison Davis
b9af261d-9a55-4244-b2cf-7cccfdc224b1,Alyssa Riddle
e1537bcd-740c-4928-aae4-4f60f2154a51,John Simmons
ce24f564-fcef-4e55-b216-11946d439bfc,Stacey Miller
8e1c7764-8b06-402a-9d5f-81980c694694,Mark Barnett
4590378c-2213-4d42-86d3-99aa904e9afc,Melody Wright
ea07c8e6-7181-4909-8b12-494cda1280bb,Dale Ellis
be1887f7-39c6-432e-9e68-767c9ec46c93,Michelle Gaines
206d4024-03d5-4555-b3c6-350e895c7aca,Vanessa Howell
308a2a54-9acf-4b38-98bb-9f19e3aa2f30,Daniel Coleman
5473db3f-6546-407e-a883-8dccb1b59fec,Shawn Baker
57ea4416-1c4f-403f-9657-1d2b4e46e419,Latoya Garza
165d4bf2-be00-4e11-a7fd-3b45eb0bbc21,Adam Rowe
99ac833f-2107-4024-84a3-836bbfc2907e,Pamela Peterson
9c79c22e-3199-40ee-8649-562b3352760c,Martin Barnes
a6fe5220-44d3-4bf0-a2fe-0e553476f337,Jenny Harrell
f3e5d897-3c29-470e-a4d0-91e6dc85cb77,Kenneth Lynch
f078ed95-92cb-4015-92ac-18dd479d10b3,Ashley Ross
0f37c191-ea9c-4160-9c20-d697e0bf1245,Patricia Joyce
b77dbe3a-8a25-40cb-9f09-d0c91136f6e1,Matthew Allen
b7be701a-a20e-4cf2-ae24-6ba766ce3ec0,Ernest Bowers
7f2dd538-4b5e-40b3-8665-937b8cb9f32f,Scott Harrison
493fc585-b4ee-44bc-92e2-a5a31e8fb0b3,Amy Garcia
30b06a51-eddd-4a7f-b18c-b3f60067bcb3,Christopher Torres
387b5a6c-e236-4c03-a508-7ad7277e8f84,Nancy Mercado
b3dd7ff3-c85e-4ea9-97be-9ce74fae9618,Terry Rice
559d9629-7085-4652-8885-e491005bf007,Andrew Aguirre
d99066f3-17b6-4bf9-9d34-e14b28db3180,Brandon Hill
bc4a3a5d-dc37-40dd-9f1d-fe6431569f38,April Morris
4211bae4-17f4-4a95-bb43-1fd80a1ab814,Kyle Martin
3c002318-d2bd-4f6d-a42d-4546ba7b2088,Harry Taylor
8f43b888-3f29-4c34-ac5d-261f8278e985,Jesse Moore
a920811b-fc44-4290-ab0a-192fafe1675a,Cheryl Campos
3da536cd-4683-4b61-a499-d713ad12da0d,Travis Johnson
45725803-cc96-43d9-8f3b-be9d803e29e7,Dwayne Johnson
08c28622-cee0-4d9b-8f8d-73ce6324532b,John Simmons II
7e6ca9be-c08e-4a40-915f-e6cdc32d9dbe,John Mcgee
b1d9deea-8566-4e96-b499-1f1ba8ba0e07,George Farrell
c8bd136e-d1b5-4513-8e61-df7f2ea9dfc9,Cheryl Robinson
4e9a641b-9d81-4a7d-b4dc-a587fa48eec1,Katie Ruiz
138d7ab5-32bf-4258-93e1-628798446ee4,Nicholas Mcdowell
0930cac5-7413-4ac5-8aa8-7c443d021d3f,Allison Harris
013344c9-f9d7-4ed5-8e84-f9aac0d57c38,Angela Moyer
cbc7f61b-da5d-4c84-a59e-e0b5a788323d,Jonathan Graham
3474e4c4-8e3f-4ba5-81ca-c09e81a75c57,Nicole Bailey
bc213ece-a27b-4d6c-8861-47da7c400356,Stephanie Evans
803ba1e0-0762-414f-931f-d1be49ae5cf5,John Price
873e840a-5cc7-4400-869d-49ef8e1ca1b9,Jessica Valdez
7c361687-3d1f-4b70-b917-7af6db81ead4,Aaron Wilson
8dd99e38-7802-4ce3-96fd-28b88db4003a,William Kelly
8648bc91-f403-4f76-9ff2-c05aa7e05554,Kaitlin Hall
fa991835-0c86-42ef-84fc-94376d2808d0,Andre King
a6fc56b2-6a2d-4bd5-a00a-20b603ec71da,Erik Mason
9cd90c9d-b358-43db-860b-ec81aef133dd,Amber Cortez
0796a923-2b9f-4fed-aca7-f9fe0fb02059,George Moore
15ce8c6d-2dc6-4177-a8c7-175e58dc1d84,Mr. Clayton Kramer
85b7e234-b554-4bfe-a844-3086465a57d5,Alexander Garner
91a77591-7454-48ec-b5e7-cdbaa1de067a,Rodney Gardner
2b8570bf-1f76-4893-9a74-56e20ee172b9,Connie Collins
a9749e6e-2b09-402f-9fdf-c3fd0c74423c,Mr. William Baker
923e8796-c5d5-4f53-8bb5-8fd2a63191a8,Christopher Villa
4691fde7-c982-4451-b5b7-1bfd08e2343b,Sandra Ibarra
3c02d1b4-703d-4faf-8f80-b8815309d35c,Veronica Buckley
67aa1f14-4d6f-460b-877a-666fd417dac8,Haley Obrien
5225efeb-749b-480d-b759-b8a8f563bf84,Robert Campbell
697720d6-e69e-4f26-97fd-5eb8a012efd9,Curtis Moore
04958bdd-865b-4c73-8c23-db373a62434b,Stephen Barton
dd6f1b70-35ee-44c7-8fae-d64591a4649a,Jacqueline Morris
e21a8143-3987-4d55-87e3-a1ed28f5c1e2,Daniel Jordan
3ab2f932-7723-41ff-83b8-8d7da41a6877,Taylor Thomas
bc3647f2-1048-489c-ba54-50fe54bb5841,Emily Barnes
67a7a222-a05f-49f8-b7f1-0f6d6f6e985e,Anna Hunter
15c89098-aecf-4013-9c69-fe50b7e645e3,Charlene Robinson
2333fff4-556c-4634-8fa9-f047f47458cb,Robert Torres
bbc0cdaf-ce71-4c5a-a750-bdc0490926dd,Michael Lucero
ca3f92ff-7ee9-45e1-a5ac-171cf587dfe8,Donald Weber
2d4d0b1e-5564-4aee-9cc7-c9a4e568ca22,Courtney James
f00392cf-e7c1-4e77-899b-72be33ebeee0,Kenneth Moore
97b4961e-faf0-44e6-b1b2-6acc51aec7bb,John Long
4bc94db3-77f0-4934-80ff-c0e09e90ddbc,Pamela Smith
4c48ebf3-10f8-450c-b4d0-5170413617f5,Tracy Santiago MD
44567b21-d5a8-4740-b2b8-5ef2dad43c90,Richard Martinez
75c6705e-2bb2-479f-aedc-d0942b8f6a70,Christopher Robinson
86fe9b8f-2fdf-42d9-9d3c-8b7e1ea93bf9,Katelyn Alexander
38a378ae-c75e-498e-82d1-07d81234c8ba,Mrs. Megan Scott
7fb3c0b0-d736-4c75-85bf-9ccb4f3cc4db,John Marshall
110a1b8c-0e17-443e-82cb-3ea04e33a91e,Francisco Parker
70271466-1351-41b9-b027-75a4e5d22cbe,Catherine Navarro
80b8ae98-52c1-4256-a55a-97f66b32788f,Brittany Rodriguez
97a62606-3785-4166-be3c-5018c23b25e3,Billy Hughes
9ce207f9-3b62-43fd-a0f2-7890edf13deb,Shelby Gonzalez
a95743c6-2c49-44a8-b4a5-8dc85455b7dd,Frederick Wiggins
21a9d931-15a5-4f4c-ad6b-5bc1088dbd91,Benjamin Thomas
c382c4c2-8e59-4e0d-adf6-3fef0461d116,Kristi Keller
6c6c896c-fd9c-482b-b013-904b0b90a30c,Angela Weber
379ccfeb-505d-4735-ae18-890c7241d118,Glen King
9ff8c1e8-e7dc-4565-8800-4c2a3ac3e1d4,Heidi Randall
d4e85fad-e97c-4bc0-b6bf-9fb36ae77650,Brad Hogan
7e1c2e88-3447-47a4-be44-b6939bc53c33,Lisa Pierce
a4fd9ebb-7c6e-4590-9cca-b117a7d46c0a,Kevin Marquez
2bcf58c4-1f28-4246-87e5-70706cddf3e5,Charles Johnson
3f14c407-80ae-4877-9904-d3d3d04dc54a,Lisa Martinez
7a20777d-be67-4d0a-8b3a-8a1a8411edd1,Jessica Robinson
99973745-8049-4056-8836-ed3604d942cf,George Bennett
45a0b435-be90-46d2-98d5-389270903d6e,Christopher Kim
65cfb29d-4c6a-494a-9aca-be9e48a6b53f,Sandra Duncan
ff369205-900f-49cc-a1d1-19d6c6b3299d,Claudia Rodriguez
2fde4b22-c325-423e-ba0d-31f427ef6ca1,Don Duran
efc96833-d619-4b4a-98d3-1b0727835398,Andrew Perez
3f253f78-0012-443a-a575-45ef762d4a0b,Ashley Patterson
8330e561-648b-4b4b-bde9-49109936225a,Brandy Harrington
b53ea0d1-98a2-4d46-94cd-aad1ef9ebda0,Lawrence Clark
56141897-f1ae-4cd8-b0c5-cb08a04050ba,Jennifer Garcia
e65b8910-e2b8-4d80-8a58-e526c0384829,Caitlyn Hill
963b1e40-be03-4d83-bb85-ebdb89e8f229,Sharon Sawyer
4b85dc93-6724-4a2d-956e-9c201a3d8b8f,Dr. Maria Moreno MD
7ef1b890-a61b-426d-8560-f241e9e1feca,Lisa Ramirez
2bb9ec8c-c0d6-4c8f-afcf-64aaf8258d98,Melissa Roberts
044e4cee-4b32-4b7a-82d7-9d10edc99a63,Charles Bolton
8b318f87-b348-43e4-bad1-5504a672b801,Kenneth Wilcox
9429df83-79b4-4a13-b6ec-c49c6adac31b,Alison White
34dfa907-0005-4d7b-b03c-3382d53b9cda,Charles Waters
1eec36ea-3b39-4f03-9883-e80e7e3bb076,Julie Robinson
ea18fc1e-35d0-47f5-b247-da4c0ac1876d,Dorothy Schultz
8d01b783-6775-4dae-a231-752bd21d7b2b,Renee Gibson
9edf71f9-b5f9-45a8-be9c-bf9264264b67,Leslie Conner
7acdd5be-fbda-4f3d-bdd6-03543699769e,Aaron Williams
7719ab09-a637-48b5-868b-ba5ef66091c6,Nicole Jackson
ffcf08cd-3e27-4702-89ed-9794c9960551,Lisa Snyder
4123e215-5b32-403b-89e7-0007bb407eff,Joshua Henderson
3ef4c42c-4b17-4a58-9bee-556f71670390,Donna Garcia
71dbddd2-12e7-4ce3-8ce8-96943fcf929c,Nathan Murray
4627e3aa-d88f-4ac1-9f6d-5d653f33ad45,Kevin Jackson
faead439-d915-4083-bbbf-12aaa552723c,Heather Ritter
a9eb33a0-507a-4c81-a1c8-652fc0025417,Steven Williams
3f76f0c5-f126-42e1-9d11-af9128577ab7,Kristen Ramirez
629dafeb-8233-4f46-b33b-40c6387847aa,Kevin Hardy
1383929e-f5c6-4922-89ed-06c5861ec29f,Debra Hall
0500babd-82d8-493e-a7db-4bc828b76b06,Joseph Boyer
edb5baf4-659f-4137-a6e7-cc9b08605add,Kelsey Miller
b0f1f01c-8e0a-43bd-9262-f6422a81d6cd,Melissa Wood
430fb888-7796-4303-9afd-f4245d4a5fe4,Kimberly Jackson
15b72fe5-3529-4183-b72b-e98bd0642a8f,Samuel Thomas
7f619a3c-199f-49c8-9032-49ca8b84ec05,Michael Steele
1ecd333a-1e51-4b00-a285-cb2e2bd633e0,Dana Gentry
628aaae6-cb3a-4311-85e7-585456ae37d3,Steven Brown
1e4015f8-b84f-459a-a17d-2e02c4604bf3,Gerald Odom
e89fbcfa-dc59-4bd3-a51a-eef515749f80,Nancy Austin
7437f7b1-e6cb-4c89-a4fb-c725017cccba,Jonathan Arroyo
9a010919-25f5-44b4-ab09-47870697da86,Emily Shelton
3cec4077-f54e-4e7f-97d1-b761b07bf18e,Stephanie Carter
3f597cf2-7ac9-45a7-ac5a-fcd261212549,Casey Martinez
e61ba714-9bbd-4322-bc32-f195328cb703,Brittany Turner
c779de90-d35e-45ff-82be-e3e172a8ce28,Steve Blanchard MD
7d0bd6e5-52c6-4f0a-b54a-99ada2e7ffa7,Jonathan Johnson
a189578f-0614-4bfa-a389-49c00d9cec5a,Brian Church
da3ea561-19b3-4921-a390-bbdf597b3735,Andrea Moore
d2f12e4a-af1e-42ec-b726-74f01efd46dc,Theodore Anderson
eb99d868-f406-4936-a4ba-dea4eda90fb6,Christine Gonzales
54169f91-45fc-4a89-af51-db0058c31a7c,Nicole Curtis
c0168b5f-88da-48cf-9b78-abedde20b947,Elizabeth Ford
1e12ffb4-b34c-433b-9d35-c4cf56a5cda0,Danielle Lewis
b7a02c79-0a31-487f-9b3b-fc34ed2fdce2,William Valenzuela
a6f54fc3-8021-4ca5-bf9a-bdbcc9762fa2,Mrs. Shelly White MD
8b4daa43-da5f-4efe-bb5b-cd67f41241f9,Kayla Brown
504b6cb2-5ef9-4d81-8f84-dc15f1f50f1d,Heather Monroe
66d3ad86-a43e-420b-b0cf-b96533ec5c2f,Kevin Castro
5db265c7-fda8-4af4-a773-63598635587f,Amy Wolf
8b033b39-1e6c-4090-bc62-468400dc0a3c,April Curtis
8df81511-1ad0-412b-8e22-debef19b261a,Ashley Franco
f09d3424-cb44-42c4-8150-a8b4c91a1d72,Maria Moon
6e1674cd-3449-4a81-aa1a-a7835e508c7c,Samuel Stout
bdb0c180-4fb7-45b5-a059-ba27d381ee57,Nicholas Gray
389b01f3-a439-4871-87a8-3992940b0172,Angela Armstrong
0caf4d20-34fc-4f6c-89f5-6ca08eb6006c,Stephen Mercado
04b4a0c8-f38c-4357-a722-b5d89d0257b6,Sandra Norman MD
1df42e53-73b1-4e99-a67c-d819e825ddf8,Kaitlyn Allen
40e2d9e3-b0ac-4a8e-94fa-c625ce9b495b,Maria Rodriguez
88f8ed50-117a-4da4-b109-8be082303ac8,Brenda Miller
6e35c7f3-108e-46fe-85c2-91db5cce3e8c,Jessica Taylor
d5c13036-9b8a-47f7-b6d5-ddfb0159d276,Melissa Davis
e8a97875-9187-4530-b444-74dde7232bd2,Kerry Tanner
8b33db92-0145-4e98-bdcb-447dc5fdec1c,Debbie Lopez
8f021eb0-3b38-4568-bfbe-faa52a6639a0,Carlos Bass Jr.
11448882-2b75-47b6-b36a-96efac20de11,Michael Welch
531a02a8-39fc-4f58-874f-066a559e75be,William Diaz
2b3bb118-d654-48f2-8673-f52b28c0d4d0,Robert Lang
3ef4e985-e1f7-435d-9a36-f322846ea6a2,Jacob Reeves
3e61eb9e-ea79-4f56-878a-f8ab0d8ebea5,Ronald Tran
192a71bb-61cc-4163-92b2-c51bb4461e21,Samuel Washington
0c8ef4bc-939a-4e4c-bf8d-2ac70bf2be7d,Michael Williams
09728f77-287c-4468-891f-58ef4fb07d5d,Jade Martinez
1910ed18-e9b6-49cf-a6e8-44b5ce27dd85,Melissa Miller
bef1df94-1e85-40f2-add0-19b540cd4275,Jodi Mitchell
3e282d8c-ea18-4f2f-9254-68ad099c7e57,Judy Alvarez
a33c4063-e563-4cf9-805f-83c28694c054,Angela James
67957ee5-b2c6-4d3e-9ca1-0bc5371a4132,Vincent Clark
d05fc6e0-bcad-423e-a009-f3748e9012a9,Michael Garcia
0631073f-d686-4050-8ec2-7eecae43a8d2,Jessica Richard
4945175f-5bed-4890-9d2b-69ad5f187086,Marc West
87f36d38-1b2a-4c5c-a7de-26ff54a644f1,Julie Dixon
bae098b6-0bca-4fa6-84e7-2cd3bb7216d6,Matthew Jordan
16dd37e1-2b37-4552-8544-2be50961b815,Amanda Herrera
36f3e210-bba3-453b-b4d3-e9521ae00285,Larry Gilmore
d6750ac4-6139-4e8b-933d-1af93853071a,Jeremy Hernandez
94b7603d-e50f-4c68-ba7b-6b23072e42b3,Joseph Fletcher
3703c7b4-7595-4041-9c83-b99193a93584,Amy Taylor
827f8600-48dc-4fa3-ade5-35fe80769906,Holly Lee
69dd09b1-db9f-4d8a-88b7-b769ea21d7e3,Tanya Craig
653bb1e8-b2d9-415b-a82e-ac91fbe4bf49,Amanda Nelson
91863e88-6e4e-4a60-bd5d-8a7482a1410f,Leslie Cruz
de384c1f-c53c-4454-b4b9-4de584079891,Harold Jacobson
8b7e34f8-c3c5-43b6-a8fb-c4bc001f691c,Kelly Singh
4a6ebb67-f148-4227-a06c-204eacba109d,Erin Lucas
89f0a070-a9be-4762-86fb-55d0f106f49b,Richard Lee
3f62f691-354f-40af-8535-c58ee00e6e8c,Christina Roberts
c8f3067e-394f-473a-9f4e-72e6906111bf,Dylan Lopez
ba7f46b0-5bde-429b-83a4-2436ea1320ed,Debra Morrison
be800cba-5fd5-48b8-b374-87cc22707558,Ashley Santiago
5a238369-7171-4c52-a5a3-3b8e8d2ae717,Ryan Martinez
9c641c86-89f7-492e-b912-96728788802f,Wendy Bowman
e0256108-89fe-488d-baf7-9480471c62be,Christian Schneider
e2312180-ed47-4019-81fd-c533e06d91e1,Mikayla Rivera
68507d0d-3a97-4528-aa4b-4b63ee716a46,Miranda Dixon
bb574bc4-7906-40ab-85ff-faf52f2fe19f,Janet Robles
df53ad65-f730-41c7-9a9f-c57ad9e5885d,Ruben Bennett
c1a4f020-9c6e-4fd4-a4a1-51b56d60df1a,Sarah Hunt PhD
1a2a325a-36b0-46f6-a50b-eca347634e12,Dawn Williams
ba35f25d-0106-46eb-bba6-374647aba1bc,William Ayers
1539fa20-5124-4b32-90bf-64f748280c1c,Jeffrey Love
a16ad07f-553f-4e47-b0bc-077d89af9e0e,Teresa Lambert
dc95d196-aed4-4f06-baee-3e14597ec4f3,Lori Williams
18fa8282-e32b-4a0d-8b06-511e8999ed78,Peter Ross
27198b97-b2f8-4a93-8766-86f80a79f504,Shawna Hill
98390419-2487-4acf-910b-2e72900f0b29,Kathleen Rivera
73f4ab9a-6eaf-41ee-9080-de587482877e,William James
355e43aa-feca-43c5-90aa-5b402a439fa1,Timothy Navarro
525f9784-4479-4071-acb3-5b7660a0d59a,Megan Forbes
563d50bc-983a-4214-a7b1-4afceaf5b5e0,Angela Hebert
3d8df7e6-e8ed-4de7-9ed1-133d96622372,Chad Jackson
b8f3c6be-09c0-4dfc-96ae-258787896488,Barbara Jefferson
2ad7251f-6192-4aec-87df-94f3c6ad8b6f,Carolyn Moore
b9e6dacd-1855-4cf9-a534-0a1d8d4b1b30,Jeffrey Bailey
638604a4-0024-48a6-ad80-a65077d1620b,Eric Schroeder
aeacd508-4dbe-44ce-b1f5-1b23bda7ce68,Lisa Murray
75d379f2-45b7-4fe0-8121-000d90996e86,Stephanie Nelson
31eb98fb-91bb-4ce5-ae01-4aa71cb3534f,Susan Maxwell
de62c6e3-ee64-4b90-83d6-3584ad9fdd33,Sean Koch
bde38178-c644-40fd-9eb8-45250269b03b,Mrs. Hannah Figueroa
dab34098-b26f-4829-a8dc-178421a5b2a2,Mr. Matthew Meyer
f7580436-8894-4bb1-87b2-0f5dffdfe827,Hannah Davis
0ceee05c-973c-46fe-82fb-e34f95ff008e,Lori Chavez
7afaf620-f400-407f-b340-81fa0c62a5b8,Jessica Meyer
9668e3c9-deb1-4959-a03a-3b27f613cee3,John Fischer
e0306c9e-0613-4cb2-810e-797d02fb720f,Mary Vargas
37bd4e3b-f669-49be-ad0d-e1d3209b7a90,Julie Taylor
d95f2a5b-8b02-4bba-bb07-22548a55233b,Katherine Odom
69a76c23-cab2-4d93-9092-f99e193c8226,Tyler Henderson
00f9b47b-3ab5-4782-bdaa-cc3f0dbe90be,Calvin Mccullough
71238f24-91bd-4d4f-92aa-5af5fa88d711,Brittany Thomas
c9adc699-374c-4b7e-bc50-a53ff2bb9a22,Bradley Monroe
929ec4cc-b113-45ef-8f17-97410a3ae745,Ashley Roberts
b7175c15-c749-4790-aa8b-48f81ed8301f,Erica Walker
f0c4fdbf-591e-4a49-bb3d-b0c0e082be96,Lawrence Brown
b8dacdcf-fde6-421d-b390-58cf8a1091ec,Misty Lee
1dbb0120-ab85-4690-a4c2-a90807c67cc4,Melanie Pena
6f62dcfc-b199-4e63-af76-b7fc6333c530,Alyssa Jones
cb370080-5e5b-4dc1-b91c-f1790c920341,Jill Reynolds
ca740d2f-f996-4338-8563-5116383a1dd5,Natasha Johnson
bd66b21f-7445-4e71-9165-38246cdf8fa4,James Cook
0cfcbd5c-0c2e-4257-8b94-e7a336a7b170,Stephanie Sherman
dc6e530e-ed9b-486a-b429-23ed8b20abe9,Sara Dominguez
3def627f-e8b6-4c36-ab03-f57f6cab278a,Joshua Buckley
00abeb52-3835-4f07-9a77-714c3cee88d8,Susan Johnson
288cbd7a-4c5e-400a-a3f6-a0ad23ca1291,Nicole Kane
5c932424-118f-4703-b708-c5dd91ea2520,Sarah Miller
362aa78e-182c-455e-94b7-d1c4de1ebde4,Robert Oliver
fc106534-cf42-4aa9-b4fd-639940c65aac,Shawna Williamson
2b91c9f3-1ec7-473c-9a5b-b3bfb19901dd,Carl Marquez
2f5b4c38-49d4-4a11-b133-80c1d012b473,Mrs. Stephanie Riley
0a139edf-c4aa-4ecb-92bf-de02e4409c3f,Kenneth Johnson
4009d17f-a11d-439f-bf72-3e2a255dcf13,Steven Williams
b0cb1069-2c01-433e-a415-b4c9766741e3,Tracey Giles
ff2136f8-7709-476d-a7c2-8b9d6c1542de,Meagan Robinson
b94534bb-7a95-4482-848e-cb0bc7e6e488,Christopher Owens
044a43bb-47cd-4866-b98f-379336a35867,Daniel Little
57fdcbf1-d91b-4898-a929-22ba9278c1d4,Lauren Jackson
eb6406c9-fbf4-4a94-9fdc-f75cde624af7,Tiffany Bass
e486b0ce-a6b7-4cf3-af56-257d75e90336,Anthony Ramsey
01c27849-7a4f-40f6-99dc-f3bb3814efe4,Tiffany Scott
63632270-d088-421b-9e13-dd42cf3f6ff2,Jean Young
0698e51c-ac0e-4c36-9f22-86dd20b30f55,Roy Phelps
bf68a9dd-1fcb-41fc-a595-82b302ede4be,Emily Farrell
2b18ffd1-570d-4b41-a942-6c0adcb73af0,Lori Murphy
fcc4b4b1-2e49-4ab6-a914-37247f4ba6b0,Clayton Brown
8a1c214a-15f7-4943-8c45-63da6c35f4bc,Allen Harrison
e6806b15-66ed-4914-abe8-a6a83b8212af,Susan Taylor
ffad452b-77a0-427f-ae9f-6600ed43314c,Charles Hernandez
b240f9a9-735e-4c50-b291-d3293bd50733,Paula Mcdonald
6ef7bd94-b6b6-417d-b293-6574e27c25ba,Sarah Smith
00a009bd-08a4-407a-81aa-3c9b921038a5,Melissa Wilkinson
f9caf04d-d993-474d-8f78-cdac59d1b2e2,Vanessa Gilmore
46ed86bb-a4ef-454f-99ac-1d7bb8734746,Kathy Nichols MD
0a5d211d-ff47-4745-a285-5ecba66e96a6,Corey Francis
efdbce82-d6f1-4d9d-89dd-b63e11572cd3,Mary Jordan
c0761858-ef7a-4f2b-b247-a582f36a51eb,Audrey Marshall
afd68992-9257-4f02-93b0-5e10f4c35699,Jerry Kelly
65a58834-769b-4e9e-8877-26b2290116d7,Dana Moore
fd4918c5-c13a-44bb-b621-a79a82e5b772,Jason Krueger
3fca7fa0-57f2-4b07-9212-a734f6bb5ce7,Alison Benitez
bf2afe1c-5a2f-4b9f-aa93-603d1b282219,Henry Flores
5cea2b8c-ff87-49f8-aa1e-0c2a1f87c592,Thomas Burnett
4f85c5b0-8a97-4a51-8d01-40ff22842d80,Angela Robinson
57ed0231-6913-4f5a-b967-f412f0d397f6,Melissa Smith
a591de82-8408-47b8-916b-2c4ac69deec9,Sarah Porter
80f264a2-19ba-4c89-99ea-1c124f84a573,Sara Martin
17be1644-4026-4389-b321-20b103d9586b,Michael Dixon
c00072ad-cf3e-40d4-8cca-90bdd825a918,Brendan Atkins
e4ca36bf-fed1-4686-b4dc-de647701ca88,Colin Campos
39f53d55-a53d-47df-8ea6-779dfd88088c,Amy Johnson
d540908b-e459-4d23-acfa-faba8e858cf8,John Farley
357b7527-6e31-49d6-9e8c-46971c607e0f,James Maxwell
910842c3-c3ed-40ce-8e25-c80b6a6a58dc,Christopher Hamilton
ef801cd5-5901-4d88-98de-2b0b97dd98af,Jacqueline Wilson
6b884280-1f21-4df4-bf43-d3c9afde0bd5,Dr. Lori Nelson
8bcb7e21-3a59-4cc0-91f0-ab576cbceef2,Douglas Brown
a36396e7-d12f-4839-85b8-4f3fc8848a2a,Christopher Wilson
3a5099e7-6b26-4d40-9bb0-54495e5c7c58,Edward Mclaughlin
ddfa8967-d83c-4d36-88e1-2f2566e8b1fe,Robert Patel
1965fa93-820e-48de-824c-5182120a6dcc,Luis White
aa06152d-ac58-4043-9ca0-c46fa307541c,Hannah Anderson MD
742a597d-c4f6-4ee6-b640-c6805cb2fce8,Jeffrey Barry
e427113c-0e5e-4007-b602-c760ce1c3dd8,Kelly Miller
bf42a1b1-b177-46a1-8b60-07b51f18f008,Traci Hicks
9abdbfa0-b056-4e91-aba5-7836827e06a4,Jerry Wilkins
edb5a7a5-9740-49a1-b93f-3b6dd41dc935,Melissa Larsen
19e41a62-d236-42c9-976b-2b65e7454260,Jill Barrett
134bfcf1-ab14-4978-9324-09f22f6fa87f,Stacy Lyons
e6afa581-6959-463f-967a-7b723afe3765,Brian Fields
632ecf99-5143-4b90-adab-1fc0b886c758,Gloria Huynh
62c54f77-ea7d-499f-8047-aea780a66b05,Annette Oliver
5e1461d8-6725-428c-8b12-f1ee7eb08caa,Sarah Ibarra
41b3355d-a19c-4527-b86a-97f2b032c0a8,Kimberly Johnson
92113372-3850-43f9-911c-a63039f58070,Jennifer Porter
c18701a4-e6e6-4d76-b15a-41eab552283a,Christine Gonzales
32fcdeb8-415c-438b-a824-838b2ced83a9,Jacob Barrera
328d0594-c913-429a-8c50-6c631e302a14,Thomas Horne
b98d9ee8-89fa-43e2-aea0-a908cc1398e8,Vincent Carr
f95e8a94-6562-4a44-8ec4-f3e11d856dc4,Sheena Lewis
ceb6b0f8-8405-416f-a0f3-2f2475b6a00b,Andrew Rosales
a15d3962-32d8-4174-a158-92ffc11bd23b,Ashley Ross
7a8c60e9-5d9a-4761-8418-bcfa261b2a3d,Henry Harris
0d19d7ba-1c1a-4dc1-9faa-b881a1844d3a,Barry Maxwell
d24b604f-273e-47fe-9cba-400d27a39eb8,Trevor Pierce
779feda0-0b95-42ab-874d-0b11b5e01726,William Smith
82a544f2-ad5a-45e5-9a11-b0d3d7c7d305,Benjamin Johnson PhD
6b00b599-ee02-4f01-bd5e-2e837d0c81f5,Taylor Smith
911efce8-3418-40e0-ab1b-445693e2e289,Victoria Parker
217e3987-fb2a-413c-8d9e-4929d82f287a,Andrea Rice
afce109b-12f8-4db8-9b2c-33d12bb7ffe6,Annette Turner
f08da4ee-3be2-4686-b6e2-2613f4fccc42,Natalie Hatfield
4c90089d-5ba2-4b16-a9a2-fa55ac135ce5,Alicia Blake
97c08480-30dd-4c51-a0e9-29669cc58b89,Troy Lynn
5b18b607-9b57-4176-baf8-33a983e28350,Andrea Obrien
6ffcb468-c8f1-4bf7-9e52-f86be070ca65,Cory Hansen
e08fb082-45ca-4f04-8787-1442ba16ceca,Steven Escobar
f0df86f4-aad7-4a58-8559-5ddfc1a78862,Charles Carpenter
d905aeaa-e19d-4233-a191-e658cb20f7df,Jordan Atkins
1f2b521d-d1a5-4537-99d4-d39675e6fa1b,Rachael Stafford
0df915e9-65db-46ec-899d-afcdca6e0389,Joseph Mejia
08234eba-8e7f-4688-b3e3-e665e0bd0482,Sharon George
960ac1c1-dbee-4ca8-b129-080609f28cf7,Mary Mills
4a191aa1-1726-4646-985d-68ef34b4b5fb,William Robbins
f317dc6f-7c62-45f9-802b-07c2dcb2dcaf,Cynthia Martinez
ea567b7b-9583-4778-88ae-1a359d8a400e,Claudia Jones
28f575a9-dbee-48b4-8b7e-bb03f3b269a8,Jody Foster
317c15b3-e556-42f2-adc2-27e10e8a59b6,Dylan Smith
6f3b7b6f-d850-4cce-ad5f-c0fb89360bc8,Joseph Robertson
e3926d4d-34ad-482b-939e-1897b824c245,Erin Murphy
c7cd9e38-16f8-432f-8a78-a88bb76c4621,Melanie Riggs
c8bd6056-eb81-4a99-b6e8-d03d94c285e9,Savannah Nguyen
1099aadf-b241-4f0c-a924-eb39d53eb0b0,Frank Moore
c77394e8-65cf-477f-a750-27294c51350a,Madeline Smith
bccc5afc-c8ac-4e4a-a996-332fb131fad3,Christian Young
059626fe-af84-4037-ab60-8272dcad360d,Fred Gibson
2e92fb61-7087-4daf-9c43-b36524fa6a31,Sarah Franklin
bdd06c80-ef64-4676-9164-6792db80a7e0,Jason Parker
d5c612bc-8416-4070-8a49-26c92158229b,Lucas Fields
6840d5ac-b17c-452c-8b7c-586aa52b00bb,Tyler Evans
53c9734c-1a05-4b94-8e2b-11e387941345,Katie Keller
0102aabb-45f1-45c6-80b6-5571bb57bc1f,Andrea Jackson
d64d8ac8-64fa-4175-a0f9-8f399eeefff9,Christopher Haney
c15d4888-4c38-45c8-a410-01edb3772905,Sue Bailey
27e51ea8-f485-43be-86e7-6e5ae3cf739d,Monique Martinez
155841de-5a4b-475f-beca-5ed855be5596,Brandy Dennis
49b4f0d4-84a6-408b-8cff-0b9ffb5a3869,George Shepherd
727096ee-5103-42eb-8110-bc2638800fa3,Nicole Hall
d161223a-10c2-4e0e-ae9d-20c950a6dfb5,Ryan Serrano
51cea0d6-8161-43c7-bf94-5eef65d1789a,Ashley Elliott
37384bcb-76e6-420c-a816-d9d7a92e65f8,Anthony Waller
a4da4008-416c-4f65-9c52-b6934c79959b,Nicholas Mason
92be3ca1-2e63-4815-82b1-865cdcf637f7,Melanie Scott
11472014-c6d1-4dd0-a038-d4f6e0996dd6,Peter Green
55968463-29ef-48ac-be8f-c392efea16ff,Jerome Martin
af342d84-8b40-4b42-b5fe-43e957e560c9,Timothy Waller
7bb38fd6-4d6d-4f7d-8763-3e6a086dcc3e,Eduardo Kennedy
ae8f8f85-628a-4f96-bd25-1172bd1fdd3a,Rachel Martinez
80e9417a-fb4c-445e-9ac1-4d112d09ea15,Amy Charles
05338513-4a52-4582-b23d-e5105453f49b,Michelle Williams
b4b1b2e6-15eb-484a-9aa9-1179e51ddff9,Matthew Reynolds
1c36eedb-0cff-4261-8f27-45988f842c98,Jonathan Lewis
66b14764-414d-4961-a0c6-f36bd69e8662,Jasmine Peterson
41a03c5a-7382-4d51-b3da-223811d96d91,Matthew Sullivan
9d8c9957-e27d-45ed-a934-951537b78834,Michael Vaughan
34e8a43c-b3d6-454b-aec6-2dd6ebb2a512,Omar Reeves
382dfad6-6e6e-4bbb-9bbe-fe59b761a4f9,Natalie Pearson
1998d11e-11de-45e9-9e42-49d2e1a8ae7f,Miranda Myers
da0600ec-9203-4b7e-b7eb-82485b43271d,Casey Miller
875eab7e-1f72-4697-819c-b9c419bd620a,Matthew Henderson
df3a53d7-75e4-4339-8654-582bb032b726,Garrett Sutton
95e37619-5f9c-4865-a9b6-fbdd89e2fce1,Nicole Bishop
68efbe60-f839-43f2-963e-da4eb6db302b,Hunter Dean
c45f6bdb-f9ad-4549-8105-cbd5b021aadd,Michael Gray
be559fb0-132e-40dd-bea8-530a03829f9e,Jennifer Martin
f339810d-377e-498f-9da8-a49e019cac10,Benjamin Davis
da11a6e7-6817-4080-9427-a6441869ce10,Jeffrey Cannon
a7bad02a-9453-49e4-86e1-0145a812727e,Victoria Wood
59785e6d-91a9-4cfc-8cb9-231d1587fbd6,Andrew Foster
6bf4b025-3a04-4363-b12e-4e2b4c680045,Tricia Garcia
d3a70230-782c-4b94-8108-bf6f0784ac15,Michael Jones
c51d3d81-16ea-42ee-8210-7e4a1b2d8dba,Karen Howell
165ccab4-f46a-484b-8148-07b4440a4e46,Todd Bautista
5f9f902d-e82e-480d-b82f-cc36cd479257,Renee Price
4395e0d0-d973-48f9-8870-3cb0afba439f,Stephen Sloan
768435fd-bbdf-4e1b-9df3-94a478d1be60,Catherine Robinson
770efb36-e791-4569-87b5-264b79f8a427,Theresa Pennington
f351c88e-102a-44a5-8832-73e2324eb6bd,Sarah Smith
824611ee-484e-4edc-bad4-8aa38b7f1f63,Misty Robinson
008e39ba-0e73-40f2-becb-b2eef926502e,Katherine Zuniga
7802f975-db46-4ee7-8e11-73af0433da98,Lisa Huber
a234be4d-f9ed-4c25-9f43-71f041c26481,Kaitlyn Branch
ae090c7e-7e8d-484b-a341-9f3b16101334,Daisy Rocha
f87ecf4e-93a2-42a6-bb3b-089dfefb1319,Andrew Rosario
0600d468-6136-4eb3-8f4f-cbe2bd0e4ac8,David Freeman
3f7cf7c1-c5fe-4a62-a119-b26319dd6c4b,John Barton
638392a4-03ed-4875-9333-498afeccad26,Brent Shelton
592d553a-19f7-434b-81fa-25feba19eaf8,Erin Garcia
957205cc-c908-4397-ac7e-4a9e4fc24b40,April Meadows
3c52e27d-4d0f-46c3-b560-abf8ba5b9f0c,William Reyes
c7273dd0-6eeb-4fcf-ab2e-398bfcd721a4,Brittany Morales
a35b3a06-3d99-4990-9d1f-712738a63a41,Natasha Thompson
393883e3-7dbb-4bcf-893f-63daf440c92d,Paul Cohen
f2b6cbff-876f-4a96-845a-ab6cdf287e96,Dwayne Gilbert
4380ac33-a456-4e49-99ce-1529709a2485,Gregory Glenn
7f14c102-5f39-43e0-a31c-d21a7d5cedb8,Dillon Coleman
7ee964e1-fe10-4e05-82c2-7183269de1e9,Jay Cunningham
e8017f57-cdca-4900-9937-b9fbcaa13ea4,Joseph Murray
ca8820f5-96db-4d1f-b267-ddd849fd7c77,Don Valencia
c73699f9-c916-4e31-894d-586656e06a20,Kyle Hart
9edd2965-2299-404f-a218-5ac648d1b640,Joshua Harris
4947319e-7180-443a-b8aa-c5161119d8f7,Melissa Brown
89fbb4ff-e9e5-44d0-b09f-22bce2823035,David Reed
39e28f4e-833b-408e-8085-ded8d9959b5b,Kevin Elliott
cf05e571-8da4-4215-9856-3180efbebfd7,Jennifer Patterson
44af12eb-df6b-42db-aa97-735104c98ff8,Ashley Anderson
5fe4e6ea-905d-4e40-b486-fa4d4f6218f4,Logan Livingston
d5f93336-4431-46e0-805e-35b0b7cd0f26,Erika Phelps
81128839-86aa-4c7f-8788-294f2e39d36b,Justin Perry
d3c8aa18-99d7-48f0-b71f-c9fbe8dff41b,Cheryl Howard
ef205958-ac96-4c7f-8303-5d61590c8a2e,Kimberly Oliver
61d5d21b-b8f1-48bf-8783-c5939bd58f05,Pamela Davis
bfcee31e-e1dd-4306-8494-eb95eeeca662,Martin Henderson
61823b5f-8ea0-4348-b86c-70d1b0005210,Eric Mack
ab0ec156-7b4c-4976-8ef7-dfa99e607726,Deborah Peck
79510a4f-876e-4509-8e34-c9a873732383,Sally Olson
8bdc7c33-93f9-4968-ae77-c8036fcc210b,Amanda Harper
2aaf5931-232a-428a-a916-d27116d7c823,David Lewis
c22689fe-854b-4b37-a5a3-f267f13d2143,Dustin Clarke
ecd40c53-9a76-43cc-b58c-2a4df5182a95,Tamara Odonnell
e4ed571c-5aba-4f2a-9c03-62ec02e5bf86,Kevin Farmer
997d7d0d-322d-4259-8feb-d73af0102e44,Michael Cruz
2e03def2-8e68-42b5-aa6e-24138a3ab4a4,Dana Williams
036f3cc1-639e-4f73-8e08-c7b310476052,Christina Johnson
a82cc598-c27c-4ab3-841a-619762b06c93,Charles Allen
3179e624-185b-406c-888c-d20788f84c69,Sara Stephenson
22bc0b71-1c39-4ebd-90a5-5b7f95ec5da1,Teresa Summers
a99d9f3b-32e3-46ee-a1f7-91625ede77c9,Natalie Wilson
de60a7b8-1191-4df4-82de-be9ebb8f0d50,Daniel Schneider
141933f6-45b6-499d-9420-172c48abc0d5,Matthew Carrillo
cb454f14-9067-49d4-939b-dae934232421,Ryan Garcia
0d8cae4f-75f0-4b56-b335-faa72a5bc9b4,Glenn Lee
76563c0d-4856-4f7c-8c7d-3c43593517ec,Joanna Hodges
a8f47983-8b45-47b6-ac26-259d80d1ee48,Lisa Mason
a3c39bcf-2aca-43f2-85c8-28be2348d68f,David Black
15094aaa-0b51-4a91-9db6-6e3bb887c523,Erik Gordon
55b5c6e8-b847-4dff-80df-6cdbecb22fc2,Cynthia Alvarez
fd982a85-2cdc-4364-9162-5f4368209375,Joshua Proctor
58d73352-42f5-4b64-918b-50a4472236f4,Sarah Hatfield
64ab4e73-0772-4bb2-8ebb-125b338c8c47,Kimberly Wood
d612c6b6-0973-4d49-a077-8bcee866ed79,Cory Thornton
2bfab960-9024-4ea4-a889-fbc36666fa30,Kathryn Mendoza
4034f768-b201-4c2b-a19b-70535c84772f,Paul Perez
9046d442-b0f0-45f2-a2a3-1f05e99f08a8,Nicole Russell
cb6b3280-07fe-4716-9109-661744449aac,Tracy Santos
2561ea85-0566-445b-8017-26cc96b8ec8b,Danielle Anthony
b808b69f-2f8d-4e03-bc39-f0e4561f7a87,Scott Jones
877c46d5-191f-41ac-bedd-057538c90c26,Alyssa Cruz
ca224d8b-ab6b-4d33-960d-61ea02219c3d,Karen Pugh
1e8fc5a7-757c-484d-bdbb-233acb327511,Richard Myers
54858c4e-9ac6-47ec-92e2-83558c276ac6,Jonathan Moody
2223c218-9d97-4bc2-8b92-a34188ebaa9a,Lauren Ward
83631074-bb89-4b88-b885-0d44e8a4cb46,Danielle Griffin
c831ac74-c664-47c7-a628-78a73876ba6f,Megan Jones
e0494fff-f8c5-42ea-83ee-b2be0603a70b,Ray Jacobs
dcfaa36a-2d85-476a-ab58-43976a060b5e,Cheryl Atkinson
8d70d810-0a9e-4049-b921-24276e1d880f,Teresa Evans
31496ebc-b0a3-4040-b5c9-f6ad1033b462,Benjamin Rice
c858f843-8802-4959-9574-3a86fe2112c5,Amber Franklin
add45553-6c5c-4e06-a293-bd2b08112f1a,Erica Scott DVM
b6f83533-0e0c-4cb9-8912-b18b919ca080,Elizabeth Hahn
acb7440a-0518-4001-99c8-fe197955ff72,Jeremy Riggs
28c920a7-c63f-4cfe-81c1-e9108b468a20,Karla Vang
06e7eef6-c433-4559-99b0-fb509c422f4e,Amanda Fowler
4cf9017e-93ae-4a59-a3bf-f1f6d6b27bbf,Nicole Perez
f924f994-4502-4c32-a026-247d0eb96370,Brett Santiago
14c33241-a20f-4a0c-aed4-a4e5fb8df67f,Victoria Terrell
f62eea14-50e2-4a0a-8a5d-eae6fbfdc660,Stephanie Thomas
33a2a3c6-b636-49a0-9217-76cc6188ddb2,Heather Ferguson
b907d3ca-0b0a-4888-bc91-e07e2901fab0,Shawn Burnett
7ad23ce8-bcea-47a8-a418-e90e3708782a,Robert Lee
b620aaaf-0b94-4ebe-a013-0fe0c16f42a0,Christina Patterson
3e3126c9-57a4-4108-96fd-90f3bff56567,James Thomas
f18f413b-eda7-4ad7-9d43-738ecd162542,Stephen Robbins
0a5025ee-9f38-4a30-b849-a93d96f4f6e7,William Davis
4879d91b-a2a2-4ec2-b13e-0fac1c530f50,Carrie Johnson
74620e9d-f8fb-49c9-8aee-8b1779954d67,Brenda Dillon
843830d5-624e-4c1b-b4ee-9ca70d91723f,Troy Lane
00f69d87-6664-43d2-9455-eaae92131e22,Laurie Ortega
0f31d179-a4a8-4cb3-831a-f26d60ed5810,Donald Diaz
8fe451f8-447d-4d94-87fc-c8c3d315cd15,James Gardner
c1cdff4c-1b82-4be8-bc7f-dcfb279c5721,Christopher Graham
43b6cef4-4275-4e0c-8b1e-f0cf17bf7e8e,Kyle Johnson
3cf7875d-79da-4a79-97f4-4f3ddcafbd0c,Jon Heath
76322867-9f36-4d6d-b211-ae21f6c858bb,Anthony Wells
1b3d88d3-7cb6-4f05-bd40-f16f31131f5d,Julia Velazquez
b51439c4-0a13-40e3-b0ff-20ce050fa649,Sheila Fisher
c0ef315f-c63d-4bcc-b581-aba78675c007,Cathy Castillo
56b3c2b1-9429-471a-8303-07a70c2a6ddc,Daniel Kelly
110caa90-31a3-47d2-a416-03c16389ef15,Alicia Webster
0bb46d61-cb7f-492e-9a04-a576970a5262,Michael Cobb
4d167909-ec8b-4027-8c56-5511646109a2,Brandon Lindsey
fe24bb44-05fd-4ebd-a753-f734c806a528,Rebecca Rodriguez
ad5f9be2-03df-4af5-98a2-f976c1b2486d,Misty Reed
3e02dbf9-a66c-499c-9609-e9338f7ddeec,Susan Lara
efc6e5d3-7a4b-4646-962b-b2f06bdfdada,Debra Simmons
ee083c95-727e-4162-9bb1-9ae62a1b24fc,Joshua Gallagher
3e88084b-57ea-455b-9e63-d88d64afb097,Kerri Wilson
8794f8b2-4019-471b-9d1b-fe6d69af3528,Gregory Garza
73aeaecc-1746-476d-ae91-fe5b20c6c980,Stephen Miller
bf1401ff-f443-48ba-8a0d-66f28c71c08d,Elizabeth Montgomery
70de4f31-60c3-4bb6-be41-c26052bc5cfb,Brandy Mcdonald
6e36be96-a82b-4ca5-904c-92f7086dbeef,John Richardson
39e5521a-6841-4c72-a1dc-c69cd36fe54d,Ryan Huynh
874540bf-cdd5-4c3d-904c-d6c8648f2e07,Steven Reyes
d77bc718-c43f-4863-a556-093caccc74cd,Daniel Marsh
4dbe0fff-4553-4b32-92a2-b4f2f7a847a8,Stephanie Campos
bc795463-025c-4795-8c26-c6967bc8b3f3,Shane Barber
bf725bb2-226d-414b-bf31-48159c58d30a,Ryan Austin
5aa14540-9bbb-42a3-b25d-4870e3ef83a8,Heidi Davis
3864b406-6498-4e20-8e7c-1f8e37d6a2fb,James Jones
caaaafeb-ed1b-4606-93aa-26043d9cb5ae,Michael Hall
183e56db-babd-477a-be60-1faa35eeebee,Brenda Hall
cea87b92-b30b-41a3-bdc2-a6bc3bc9838b,Nathan Webb
51dd4fcc-bd6f-46cd-a60b-082888d64377,Donna Collins
31dc8e67-61df-4d20-b2a6-bb0a941ed0d6,Steven Huang
edce7dde-c356-4126-a223-0a901602f497,Kristen Jacobs
4e97a048-737d-4822-a0b1-92cf71bb1f47,Jennifer Manning
fccbd853-351f-41ff-92cb-94f1a9ee5958,Dawn Keller
66c448db-6a55-4be1-9a8b-2a2088f9b82c,John Drake
647d4c9f-4913-4c23-8bbe-5e583957d8e9,Vanessa Serrano
77f7b5e7-9428-4d40-9d04-aa25597dea95,Alejandra White
cfc6ef31-f50b-487d-b74c-b2a2be140b03,Nicole Jackson
ba84752b-29a7-4302-ba67-5b8a2a3c1570,Wayne Baker
0a8ac17e-044f-42e3-9246-31b32a8e782d,David Cooper DDS
e7aed17f-0ef7-43ea-81f4-5dd028f64a6a,Michael Rodriguez
79586714-211a-4a51-bfc0-96749105390b,Veronica Farmer
d656cedf-b569-4cec-b6d3-f16c2bb5a840,Joshua Simmons
6e3535ed-7179-4cd9-b2c9-3b52a16bca61,Tyrone Williams
355dde09-a44e-4478-ae99-d95ea4cf2774,Jared Erickson
19066b6d-8973-4c6a-9b77-6ca559db3cc2,Gina Bradshaw
de01b6d6-8807-41f5-957c-26923fddf175,Elizabeth Davis
c4863309-bb85-4a59-95e0-187ba2a5cd46,Jennifer King
018d4ee1-5a8c-4656-ba24-761904c4a93b,Christine Mendoza
2e8ffb47-5f90-43ce-9b79-5b36aa2cc948,Christine Wilkerson
959e08c9-bcad-4ed7-954a-ec6a8ebe89c4,Caroline Miller
17e5d8c9-bd26-4821-a9d1-c9bad414b36e,Dorothy Arnold MD
a584c0a1-3c66-40c0-b67c-b78805eae083,Gary Kirk
67e8a2a0-8393-48ad-b585-4ccf727b884d,Hannah Ross
30e6066f-8b82-4883-aad0-0e2d2cd87884,Chelsea Blackburn
24cb5973-d8d9-405a-9b11-8ad955b46376,Brian Estrada
546ce0c7-0d49-492f-b87c-aac1b6647878,Mr. Brent Ward
ee741af9-eaf9-4923-9937-993b007daaec,Lydia Knapp
c39b2757-1821-4e7f-89bd-87cd5b0c0a1f,Nancy Jackson
2a91041f-99bc-4147-a270-5ba63c5b539c,Jennifer Atkinson
ea80d858-8e8b-419a-ba64-b5fada9ca9af,Randall Reed
aceca568-3030-4f61-bd96-311cbfb4dd16,Tony Murphy
1e8f484c-4d11-4dd5-acd0-979e9c9b81f8,Corey Mueller
76d9a97e-9c1b-4dc2-92d7-a98392e5d886,Bridget Vasquez
13196f38-bf64-43f9-aaa7-33e80f8af913,Nicholas Ballard
57d6b2a2-b780-474b-a99b-f554510eb3ff,Maria Cabrera
a4e0356e-0003-42a5-ad59-5e90325aa11f,Thomas Williams
e71d59b9-2a97-45d2-b6c6-ec83b62e85b5,Patricia Collins
c1f9ab40-ee4a-484e-9e0b-c764e43dd1e1,Shaun Berry
8d74f228-7fb4-496d-81ed-6ad1031333c2,Megan Johnston
ad9e283e-c790-4fa1-95a2-3110d6248462,Abigail Lindsey
7859a3f5-faaf-47e7-8f1a-8186fbc819cc,Kyle Mckinney
deb2d309-ddbe-4d58-b4be-5a763dc3ba9c,Kaylee Pena
3328f938-8faf-43a2-b861-b11080e136b4,Emily Dunlap
300e8591-02d7-4a99-9c1e-f6fb0a877336,Aaron Smith
d861e27b-1c9d-4000-b52e-525afeeec013,Sandra Gordon
d0dc2eb4-bac2-4955-be10-b08c2aa7a3cc,Jason Callahan
e0e3d581-8998-45e5-b65e-14daa9c5684f,Valerie Parsons
a7c9a337-3326-48a9-9989-536455ec3557,Lydia Khan
17e2b93e-ed90-4645-ad2f-7c26f698f339,Dr. David Murphy
46ab9920-edec-4bae-8d4d-953eb168abb6,Robert Robinson
337f255d-16a4-4997-b4bc-80a4ae88542e,Jaime Wood
d6da8e80-6f41-484f-ba50-a25f2b66e9b3,Shane Cole
b1cfddb4-f3ab-4301-928a-775863a0a38e,Jasmine Knight
9f2908cd-7738-4d91-8ddf-c5a4eb9eeef5,Christina Howard
93b02d13-42e0-4f6b-9016-15e9b9887619,Michael Davis
09a20a07-f92e-4bb3-9b09-759f2c7f4698,Cynthia Gonzalez
a9922a91-afe4-4c25-8764-c5c7cf94c910,Lee Miller
6df7ba04-bc48-463e-b5de-c8075269c168,Katherine Ryan
5f07a2bf-fe06-4782-9bf8-851c461ce70c,Julie Fuentes
416fd48f-1ca9-49f9-b7fb-d351f698e2e2,Linda Williams
af8c23d3-7007-40d0-b9d8-275e5e78cabc,Edward Carrillo
727f1ef2-ebbb-4b06-948f-558ce7f44252,Christine Miller
509371ed-a35a-4556-bd98-4306c7aee3c9,Victor Reese
24f0e4ea-1a38-4ec1-b5e2-69f79d648a5f,Andrea Moore
1a37e4f4-45f8-4b24-99fe-50e98c1f5b9e,Dustin Sanchez
1f81cae0-756d-4b3e-b389-e68d0ec195e7,Aimee Oliver DVM
2041d7c6-3987-4a52-8018-f8e64655e2da,Corey Calhoun
ba1def05-f06c-47e8-9675-59aaa8fdc610,Daniel Davis
2f26bc4a-b05f-45f9-bb93-e6357aa60578,Jason Gibbs
4c1c6321-a6b6-4b29-b091-f4e7adc0b2e8,John Jones
136d9412-2017-4650-96d9-a991fbf40eff,Keith Burgess
65d4a223-10e1-457e-b372-4477f2bed4db,Jacqueline Lewis
b223d454-258d-4a28-a312-110cff920c8b,Jose Butler
6c29d8db-c74b-448b-a198-1fe378fda6ec,Sarah Edwards
ca0b1eb6-0026-4bf9-8131-3fd4f594bb30,Justin Duarte
a8b87207-bd26-451e-a920-1cfc1efd2f4f,Amanda Kaiser DVM
f4dc0b27-92c0-4dbe-9ef3-be7a3b79e277,Melanie Ramirez
1c8771a7-7fe1-465c-8b58-b6e87f83f292,Jeffrey Lopez
2fd8d575-4f9b-497b-a777-4d9449dba093,Ryan Lewis
29276594-a7bc-48eb-be91-5ecf1e5a423e,Kimberly Johnson
d77db87f-22d5-4e7e-b08d-246be03a05f1,Jody Valencia
69fb4ce2-4f3b-4550-be48-1b440e124036,Melanie Roberson
4da9cc6f-6bfc-48ef-8343-9e27836b7a50,Carlos Campbell
77c50f74-b0b5-4cab-8527-4667dcec951d,Maria Garcia
938cc782-9e99-4350-93a9-757efd633904,Lynn Smith
11189b7a-b01b-4d7c-9b20-8b3d126ae75c,John Kelly
89a92dca-ca6d-4db2-b051-20943c740cd6,Kimberly Morris
ff3e8ac7-6c87-4cd9-b25a-5019d5271da5,Samantha Arnold
c5b1ece8-f770-42fd-a0dc-7a2a10b76e90,Lisa Lee
56413424-0b5e-4b8b-a39e-4ad1b82e7b0f,Joshua Smith
6fb0bde8-0696-4c3c-99cd-a8c4111001cc,Gregory Dennis
51685911-8373-41f6-9b72-9a74433a49cd,Roy Torres
68b0ad28-c1b8-4150-9de8-a911578419aa,Joel Young
bef409e8-e557-4a0b-9eca-010830551117,Christine Morrison
ed3b8f7e-d4ba-4551-ae7b-3cb9e67d43fd,Sandra Dixon
4811e93f-ab9b-4338-a466-475bdc99a4bd,Jill Smith
632cdbb2-d29c-489d-a974-4544ce827a09,Carrie Mueller
85c043e5-d60e-4486-92f5-a8ce87aad310,Christopher Brown
4eb82e37-b63e-46cf-b338-38ea400b7e75,Shannon Taylor
decfa266-ebb1-4d78-bb3c-a93e93e56840,Janet Stein
4cc0a7b6-e4fc-4660-b272-661429cf67dc,Jeffrey Torres
545a99a8-a971-4945-9a97-0e5618cc5601,Darin Burton
136663f9-723d-497a-8051-f8dcfa2e54fc,Janice Bond
c3f2b4e0-d42b-4ff9-ac99-9ac81f76c684,Andrew Anthony
d3fbf986-08cc-4117-9bf3-88f7887175ce,Stephanie Powers
6f0c096a-76cc-4655-a5e2-88bb0f851b41,Joshua Ortiz
aa35d005-4354-4514-a8ca-961dc99875d1,Shawn Cummings
c7539aed-7fcc-4bcb-ab57-f9c78a783c34,Glenn Galvan
9acb3a13-12c0-4a79-b5a5-ef25e6d57671,Diana Robinson
5fc5dfcc-8e56-49e2-9913-b20fa3284e31,Duane Martin
c43d34a4-d0ea-4a62-84c4-c00f7dcc7c1b,James Lopez
5ec7f57d-3a26-42cb-a473-a8dc902b5d54,Derrick Smith
0956d47c-9f34-45b5-970a-53e9ecaf596a,Daniel Stevenson
89fcbe47-0ab8-44a8-9f45-50d8801d3507,Jessica Duke
bfe3ca15-04ee-43e6-973f-05bf820f984e,Derrick Brown
41eeb5be-71b4-468a-ac26-73224344ea4a,Bradley Shannon
31270332-9857-4c31-8ed9-d4d86995e27e,Katelyn Warren
2ff99f22-203a-4e14-8e06-bc8f156f46d0,Emily Bennett
b5e5b435-496f-4c35-8e73-9a926adfc0f4,Keith Perez
f3cdc527-f50a-4995-89a5-0413314fb97b,Jason Rodriguez
a4e698ea-ad88-4a71-8b9d-5370ed5e8c4e,Christina Hernandez
d2d142e5-c689-4e06-af52-d3a789f83bfa,Allison Young
fe2755a8-f5d4-42aa-9e31-d5a2f7dac28e,Malik Cain
1af737c5-4f61-40ef-aeab-a7c8272d207f,Courtney Harrison
dff9e5e8-d60c-4159-a437-c56cda861efa,Michael Harris
b49a2f5e-7503-4b34-abf4-149138bf60a6,Alicia Holder
b509a9e6-864c-40f8-98e0-14bce8f8e6e5,Steven Vaughn
10c227c4-bfe8-4866-b53d-f36f8718aa9d,Rhonda Gomez
6198e787-e9dc-4694-b168-ca8526e26a03,Christopher Benitez
40f77180-24dc-49f2-acbd-80d780445dda,Daniel Wells
48c9cfde-36c2-4afe-9ccd-6723e48ef835,Diane Vazquez
ef57e9d4-a1f0-4129-8a7a-f66b6dddb961,Karen Obrien
5ad070fd-1fc6-4d23-867f-c29d798bc26e,Lori Hall
e93009c1-742d-4ea2-ae1d-e19ca053c1a3,Alexis Graham
46d3a58a-74e3-4128-9765-1e53db0bb407,Susan Lopez
959bcb97-37dc-48d8-8bac-dde651cb2263,Kathryn Black
fe4fcf58-b17f-4de7-8126-789532e90256,Jessica Lynch
3de02cee-9fd7-45c9-8e6c-b49eb64617b4,Megan Mcdonald
4e8c57eb-8846-4a2a-95bb-004f857e91e6,Michael Mills
16d62e9e-3543-433a-b8cf-989d63b0de28,William Wallace II
37e4c3db-d0f1-4957-95f9-9089534e5d66,Alex Taylor
9a9b7fbf-c365-4018-9e45-a29a539b5780,Kerri Blair
6ab5b103-65e3-4930-aee7-5ebc7a555ebd,Amanda Snyder
0002ff0c-c45d-4229-afc7-d1aef1922da7,Amber Coleman
6d13a7d0-9194-4606-ae09-be582834da66,Jeremiah Smith
701af614-4baa-42e2-9be6-135d4cff0a48,David Alvarez
65a0be63-22b1-4d81-a4e3-6c1134070655,Traci Patel
613d44a2-2493-4c5d-810c-101136357a0f,Mary Wright
0bccafd3-2e31-4a27-b453-5626ce035cd4,Richard Pitts
93085bb8-061b-4ae9-9dee-5ae9e47a5917,Dana Hensley
2d6a47a8-55dd-4313-a82b-084d129da43d,Ashley Miller
daf6fb86-7e20-412f-a167-9e653b1e680c,Cody Gonzalez
50b42f27-d15d-4da0-b48d-920c60371324,Steven Wood
3ee5d332-e23a-41b7-9c50-c1661b3e181b,Russell Hutchinson
43d26dc3-00a4-4bb4-8c08-5c752eda9286,Sydney Wise
76e272f6-c7e3-4bd4-849f-c86e14ab8bf9,Dawn Cunningham
8e5de2f9-dfff-4359-b567-48ede58961a8,Mikayla Cole
f9250dab-8dff-4e27-9c7a-1e3d5ca1c25c,Alexandria Jarvis
724fa7b8-ebd1-4602-943e-5e158550f3ae,David Donaldson
04a8d9b8-3b38-4d3b-b220-88934c4b6486,Shawn Rogers
3c9c09ef-8cb3-45e2-8b3d-1932a18f6ff4,Timothy Long
2ed273fc-42a1-4415-a993-7651b2bbe546,Michael Schultz
fe0461a7-3866-466e-ab37-4dffaf4c23ec,Mary Ruiz
a9c1d9fd-5b07-4b5a-befe-79b361f4e8d4,Miguel Evans
ac8d2778-f793-4402-9aee-84890659b22e,Robert Mitchell
19d267b7-f4bc-40a5-ad0c-ed87a1dd246f,Teresa Moreno
0060530f-fc13-49fd-9056-9a0cddf2f75a,Leah Caldwell
e2a1dc78-20ae-46c2-b46a-c402877514b8,Derek Marshall
1dccf329-88a1-4c21-8024-5f6dbb9f62b7,Taylor Summers
0e4a4306-c93b-4cea-8657-89aac4855ccb,Jordan Allen
1fa777cd-607f-4aad-9f78-48decb928cf5,Ryan Wallace
9f33994d-95a0-47b5-99d4-18eb1877f8e9,Wendy Sanchez
c6515582-dbc1-4f55-a503-f58d42a4ff1a,Wanda Diaz
120df3f5-9bcb-44a0-ae06-b4f8d9f99759,Nicole Martin
35c893a0-715d-41f7-b80c-81e9f3c7abb9,Melanie Cervantes
e3cfa49d-4584-464a-8235-76f88c44ff7b,Gregory Rush
0b1faaba-85df-42e2-ae77-e9198ae794c1,Gilbert Kim
4f866e19-b906-46ca-9247-30c2770b284c,Linda Thompson
9f67e9f2-7e5a-4ad7-843d-7eb3f28df9e4,Maria Fields
88b32935-3989-4c52-8887-bddc2c68d1c1,James Brown
6756ee88-e142-440b-830e-2581896a3b11,James Beck
8002da4d-0431-4331-8e22-f77a90692ce9,Michelle Herring
fed53b7f-84d7-45d9-ab96-439ecd67797e,Brian Brown
6f4db12b-6290-44e8-82cb-e3b4f13c9d57,Rebecca Warren
7f49b7ba-5dfe-42a5-85da-c0bd199f89c4,John Hughes
0f7f6743-782d-458d-89a6-160a5d4ce29d,Amanda Bates
cd82806d-5de7-4c06-b6c8-0b43b18d73a3,Lee Hill
54e0a6f4-5600-458c-bc1a-d8e86657598c,David Schroeder
e2a14722-8ff4-4e83-a4c8-8a038093e84e,Cody Perez
e1465a70-f1dc-49dc-9b3b-ba3b5a7ee44f,Matthew Roberts
eb6cc7ce-e670-44fe-a6e1-38754f9ba852,David Grant
f40053b6-a125-42ae-afb0-2b53206a8c6e,Diane Nguyen
3596d8e8-48fe-4eb7-abe4-4ae88b437fc9,John Wilson
f1bd524e-e29e-4f07-ae6e-56ea6450deec,Savannah Murphy
eed55953-ee5a-4493-86c0-8be80a7ed933,Dr. Chad Chavez
ee8b7066-159e-4384-9942-d9321975ed49,Michael Fernandez
1042953a-2b80-4ae0-9de3-fdc0014e01f0,Angela Vasquez
1fb83905-a2ca-4db9-8512-ff0377fe3cbb,John Miller
5ad8e5f2-b1a6-4d79-8284-d70eb5ac4d8d,Scott Ray
e030653c-83bc-4c53-8183-110bf9e1a533,Jesus Padilla
94ab6616-d119-40af-b993-84811cf83888,Monica Bender
be7cfd4a-dd4e-4005-b9b6-7978c33dda85,Dustin Macias
a38f01e2-0f43-4302-9b2e-b09c896741d5,Christine Waller
4d337b99-51be-477e-849f-0a9f5276132f,Lindsey Salazar
0bba7e67-86f4-4469-8be9-3ade9119127c,Paul Gardner
29055e32-1e70-422d-bb0d-7c2f39518e1f,Anthony Rice
d542a5c2-e0c7-45a6-9e01-1e96e0d2ea65,Richard Jones
9efb553b-a101-4d78-b2fb-d7f970ed2f8c,Roberto Hull
2dab0ff9-efe8-4566-96c9-8f3da6ac274b,Diana Webster
852eb697-8402-4bac-aa24-f620e88c0dc8,Jimmy Bridges
944becdc-1538-483c-954b-5d3f594eee3e,Connie Harrison
6e38df0b-18ba-4d13-8b41-438ef434956e,Melinda Torres
b802136c-cbd8-4089-9901-40e00fc6b674,Nicholas Gray
eb63b456-adfc-4cb2-af78-b976652b0cf4,John Dunn
6764d89b-62a6-46cf-a02e-20f846d439b1,Mr. Christopher Price
bb1044f1-3677-4bd2-9b12-406f94b33f39,Whitney Salazar
fd2dc18a-c1d0-4d4b-bc99-f4aa1347e0da,Lisa Lewis
e6c49160-1a92-480c-9f6f-cf103ead0910,Daniel Kaufman
7035d467-c8a9-4055-a202-556a567a0a96,Michael Ford
bb69798e-2771-47c0-9698-668be334456c,Tiffany Logan
24116b85-e50f-420f-b824-a579fd59bc41,Scott Cabrera
04a28b04-5088-499a-ad00-99ec915d9ee3,Pamela Rosales
4fa4b265-a7d4-4afd-a320-bb651406dbaf,Marc Green
a91d4ac0-bcd3-463e-912b-03bcca8d8d4f,Courtney Rivers
198384d2-6316-4d26-a6b1-e2c37e85d972,Dr. Ryan Wright
4bf2a9df-1649-4b30-8b37-b6037ce9d833,Miss Jacqueline Green
48306ad8-563a-4b64-a162-c60c7839a9b3,Kelly Pearson
9c55a1a5-9e92-4e67-be7f-439ac06fb76c,Mrs. Veronica Murphy
e2ce095c-4368-4bbd-b606-9565da950342,Cathy Hernandez
5adeb56c-8c48-466c-b16a-d16dc28d9122,Chelsey Ramirez
40aabd22-48eb-4b59-84b8-059ffb45fb90,Lisa Palmer
8174ae95-bb8e-4b2b-8597-e678220492a9,Diane Marshall
3fdea827-ba0b-497f-86b0-b2929bf2ffd9,Kyle Carroll
d3d456e1-6dae-439c-9aee-779960377e90,Kimberly Nunez
d919d4e6-6a7e-45d2-9636-7c6d22f26c3f,Brenda Morris
10e8be5d-2e15-40c3-8755-590ea43b6960,Ashley Porter
391d3126-b366-44cd-8c92-ffc78a66e21b,Taylor White
47c0c22e-bc94-4681-b2fe-57babe3b4b1f,Casey Estrada
f1d1d0c1-f91d-487f-b913-7d9d38f6f528,Cassidy Jones
65ec462e-4271-40cd-aa64-5d833d99ce84,Abigail Wolf
5a2f13a0-2fb6-4c6f-a9bf-18d75b465072,Michelle Conner
dc954f7d-1220-41d3-9aae-21dcecd010b8,Emma Harris
f9149497-1ed6-46f4-8b28-9c1ed54f7560,Lawrence Mclaughlin
34466deb-8f22-4b31-add1-5677155a310e,Madison Mcintosh
1551f616-d0ed-4347-9c50-cb98d06b7c39,Ann Sanchez
2199cf30-8757-4f60-86db-44018aad540a,Kyle Evans
d7e260df-345c-418f-b090-c843ffafd19f,William Rodriguez
2940b131-17c5-4972-8a47-94cff0296c24,Gary Ellis
d717922d-87ab-4686-8e3f-fa432e655a03,Douglas Coffey
2279dcc4-4de6-42a6-a10b-5e4b2ca0002b,Keith Phillips
228eb755-d5e1-4696-9ce7-bd10588d1ed9,Kimberly Kaiser
017c5bf3-dffd-42d2-ba7e-60fdafdcdb36,Jennifer Miller
2fbae9d8-db09-4a97-81e4-bdbb36e57268,Heidi Branch
b931fe39-b8af-4b56-adfb-dbf7c5b38c46,Jordan Mccullough
9bb7507b-85ae-409a-8775-9b036b8eded3,Kelsey Walker
b4f4de20-95aa-4cb4-9bac-bbe58aeb344c,Sabrina Brown
9cce304e-875f-440d-af52-e494af9a0ef7,Vanessa Hernandez
f52736c4-db63-4822-afb8-d5ad435fda75,Jennifer Robles
3ba6738f-ad87-4f11-9448-151112bc749f,Brian Ford
d045b4e2-e2e1-40e4-b22f-cef2eb2d3142,Michael Flores
8bac3905-80b9-41c3-88d8-fc0e9dc65beb,Jeffrey Silva
1cc28092-090d-472c-9e15-b2a5ce353ca8,Kevin Diaz
9e500942-54ea-498d-bf4f-5a8f4dfea41a,John Paul
0dd8daf4-2645-4bdd-a426-7e76c2f2dd88,Maria Macdonald
d89f3b7b-0e5e-47b7-a6af-7d5dc70aeb6c,Samantha Ward
0a300174-d1cd-4585-9481-77d375c0f50c,Christy Acosta
8dc8b744-af3b-400c-b81a-a19d35126c6d,David Baxter
9fac802b-9606-402a-85ee-2db995de74fc,Tony Garrett
907b6459-f02d-490f-b233-51b0b6891bc0,Sonia Barnes
70582208-a499-4d0e-88dd-da2ff3aad967,Sean Carter
36b5abcd-35f1-4338-9d57-025bef976a26,Jonathan Bright
5c8313a8-2b3f-4ee8-bcbe-dc6f18894e3c,Ashley Meyer
92b7b02e-22e3-4423-9601-ef66d369bb85,Ryan Davenport
1391e23a-5090-4e7f-8a80-f2218c29690e,Mary Nicholson
1c2634fd-c255-4db6-8b0a-c2f5fe6691d8,Jessica Brown
0e15f533-2549-4367-8ab4-aa23eede68fb,George Cline
820d28ca-8eac-4998-82c3-9ce61bea391f,Danielle Gonzalez
378ded8d-e2e2-4559-8979-efa2d49ee281,John Chavez
fee21fbb-69c5-4a64-bf87-9ca640d22616,Reginald Smith
113fcf4a-7cd2-4c11-aed4-dc732a51cb53,Steven Robinson
d42ef7e3-7e1d-4c13-a874-716acf5606e2,Susan Odom
6d8e5c70-309c-436c-847e-221b550f17e6,Larry French
753023a7-2875-4135-946f-3845fe0bc02b,Derrick Black
6bb18cad-b8b3-43a1-9af7-a25fa3474fdf,David Garza
a34f68f3-f289-4801-8af5-0cb84f384f4d,Julie Wyatt
110b10b6-de58-4e3b-892b-f61a405363ff,Tamara Hinton
4a8ecbf6-22cf-4672-bf27-a5e4317a7c74,Courtney Roberson
5a46255c-e59b-441d-95c0-025ee5386c2f,Alexis Gutierrez
8c99f871-89c5-4fe0-9aba-5e6700a627ae,Dustin Santana
a7f16005-80e6-4187-9177-269320b3e7c6,Paula Garcia
524e518a-eb4a-4cc9-a1a5-7069e8d4c3dd,Donna Crawford
65d03757-6703-498a-ae38-385a210db83c,Steven Walton
fa3f35f2-cdd0-41a3-b628-35daf3eff72a,Cynthia Thomas
c892db8d-766c-4a76-8603-f27aa3ed5046,Michael Leon
41f574c3-3a90-447c-99b9-f59fce6472f0,Linda Thompson
5e58239d-66ff-4366-a74b-8f9423c5d984,Kristin Lewis
c1b1ae2a-33f8-4dc3-b635-7e849c5f59bc,Marcus Wood
6ff5ecd1-33cf-450c-b6f3-9864c482b97e,Jacob Brown
d4ebce03-85cd-4ed5-a065-f90929ee8ec9,Michael Davis
bfb43d16-b9fb-4da9-8729-ab8f32823154,Ashley Davis
e155dbd5-bf70-4591-84b8-225ce96897a5,Bryan Thomas
26c2498a-ef58-4e78-b770-ac1812a7d8e5,Victor Bullock
ddddf0c5-9287-4586-8649-a9857064243a,Courtney Evans
d8dc78d8-aab7-4f67-bdfa-b482a7e68798,Robert Underwood
ae1e59b4-a351-4ac7-838b-eb5c2b4fea58,Stacy Ferguson
1a95d3a8-2b11-4e2f-8fc2-9b9fbf0a0369,John Perez
f46f390e-5ce7-4dc5-b922-650408cd2e22,Emily Briggs
db19fffc-5df7-4031-9c69-c350965690f7,Lawrence Ochoa
2c726eed-5fc5-46ab-8280-db501927bab8,Nathan Mendoza
c4cc6d9d-443c-4816-800c-ac128714a1e8,Karen Brooks
b4fdf777-ccf7-4fec-bb6f-1837f9749cad,Duane Wells
c9447d13-5457-472a-add4-20a2129c4706,Sarah King
b19fc33c-170b-48c6-aba5-474df74a120c,Benjamin Brooks
5d9ec9e3-c933-4e06-b0b2-80e8af66cb02,Amanda Hodges
a07beaea-c6d1-4186-a53c-b86a536138e0,Rhonda Small
c13306e2-51e5-4327-b0f7-20f8260d4c33,Raymond Garcia
edbf3f89-bdf1-48b6-99fd-28bd3555bc75,Caroline Lucas
f00378ba-a02e-4de7-b981-c50293414fa8,Kathleen Goodman
4ec4ead1-dfbc-4ce7-b169-48ba69f2244c,Monica Warren
c564e481-5782-45a8-b91b-d914b12c3edf,Kelsey Palmer
a7e60041-73a0-4a5d-8a54-7d8e85beb103,David Edwards
8d9d2f1d-0ce2-41f2-b9b7-004336993b38,Peggy Martinez
0f0faf87-ce00-4f00-86fa-382b4c0443a5,Tiffany Armstrong
ba6efde4-ec86-42a4-b400-1c1e470322a1,Natasha Montoya
95be1e06-8f44-4e6e-a427-3d697c262a24,Brian Smith
8ab0cb20-ec33-4bce-8749-297d344c21fb,Brett Brown
0a2704a3-28ed-49c8-a903-917703f8af23,Candice Adams
1b5d2a2f-b7ba-4f06-ab2d-5f28d8181d11,Emily Perry
0a1542fe-ef2d-43bc-8564-b4cf2eb89d07,Brandon Duffy
0141dd3b-bf82-43f4-8873-b71eef0b3cb7,Steven Edwards
c2132d30-5c47-46f7-82ce-9a2c114a6a87,Holly Walker
d0f6f5b9-8bd5-4cf3-9d39-57cb81d59138,Donald Robertson
65d1f9f4-ac3c-4256-b87b-012133f8fe0e,Stanley James
7d2895c3-73a6-4993-9a00-260dae08fe46,Samuel Wise
182bbca9-20f1-4178-b11b-9e2e8e027bd1,Richard Li
91f87b77-4dd2-4685-b5d8-7d3c252d58ac,David Curtis
be335391-324c-4ca2-8048-1ad87dd545c6,Cody Vasquez
f86fd4f1-1d14-46c2-970b-a21100ee161f,Paul May
cc2ac6c4-0bfd-49c4-8db2-718fcd8b9167,Brian Clark
a572f3fb-591a-4d07-adba-55baf789a173,Teresa Humphrey
2862f5a5-00f7-4f8a-a8e9-1587230addad,Mike Mills
9caa5e10-30cc-474f-b783-e04540e68240,Erin Rodriguez
866e59d9-3827-40d6-94db-c0bc8239aa05,Michael Porter
de19f961-2114-45ad-a0c6-99e8e612d0b6,Mrs. Karen Martin
de2fd848-fa21-4ad5-ad7a-0ad4e288aee8,Deanna Kennedy
c134c3f0-64cd-4930-8e90-26647692a726,Amy Simmons
fac80ad3-96f4-4211-a1dd-289a8aadba92,Michael Perez
f0124bc4-1c4b-43db-84e1-fc637a353328,Sara Spence
c349b014-913b-4c95-b66a-bd011f38fa9a,Sarah Yoder
7c308152-dc71-412c-9a5c-45e4c0175b0d,Eddie Glass
bcb0a531-afb5-41f2-905e-0927f9e7f875,Madison Mann DVM
b645de56-4167-4598-b9a9-9d78df2ac1ad,Devin Cabrera
512045a2-0f21-4064-b1ab-c27fdd0f307c,Savannah Nelson
9035d670-b5e2-4594-a1c5-c6864553469f,Brendan Figueroa
8fc96a54-95e0-4fd9-b845-11acc0e71716,Mark Chan
684150d1-3519-4daa-960d-eadde298b397,Whitney Collier MD
87abbf36-011f-49e2-80c1-4f983de03ce8,Cynthia Johnson
f7248237-74c2-4fcb-ab9b-bb91d0b08176,Frank Montgomery
79157763-87cf-4fe8-98c7-d7a1b34fa055,Christopher Hess
75315255-dd68-4328-a7fd-3e213006c6f8,Tracy Powell
2f3421db-b6ae-40e7-9978-9bdcfc6ffda3,Carol Vasquez
49bc892c-d380-41cf-bdf7-a2d78e613104,Edward Young
0d31f8a9-e58d-4b94-86da-00bb649c3bda,Katherine Spencer
1a95cfa5-04d4-4fc2-aea8-77f9ada5bef0,Nicholas Meyer
a50a15a1-4adc-4d85-b440-31ea83ba6a0a,Walter Allen
4542a9f8-7058-4354-a3e2-0fac0eeadfde,Kristen Acevedo
0819b25f-d290-45c5-bcb4-fda12d1357aa,Jason Ashley
a0449485-7330-491f-8639-ab00346671bf,Max Daniel
57bda800-a21c-46d3-8634-6ebaadb69c36,David Sharp
2ad5f108-0688-437b-aa13-9cc75fd3487a,Calvin Strong
5ce951e2-b906-40c1-a2c6-4eaac937b58e,Brandon Alvarado
753bfca4-d5b6-4eea-a2b9-482c3267fe87,Susan Hernandez
ebf4bf70-fbe5-4b81-9ffa-8a57f1c92167,Amanda Watts
1308c904-91a3-4bd6-b05b-4a38cd4c21ee,John White
b86c713e-7a25-4a36-83b0-13e2ea6b611f,Elizabeth Lewis
04e52507-920b-4385-97c6-62327aeaa499,Cheryl Robinson
2cf2e631-cbb4-4b1e-8a8c-f013b3d8cee1,Christopher Cannon
dc9935c0-181f-4835-a795-11c51659b3b8,Steven Hall
87107a9b-a902-44ee-829e-34b6961ac1c4,Misty Townsend
ccebbe9e-4329-4c4a-8061-38e72bc79289,Benjamin Salinas
7026207c-eeb7-48b5-93e4-123d16e8ba3a,Carl Dorsey
359b32ad-2491-49a3-be2e-d151af152e94,Chad Willis
41a43f8c-1148-4f71-a2c0-6bbecb808b0e,Sabrina Downs
be971751-188b-4f61-b242-93150bdc53ae,Matthew Green
c98b590b-6e9a-4ad1-867e-3da495a38de2,Michael Rodriguez
3265d344-c718-4195-b857-70ce47015ada,Michele Moore
3a700c38-b332-4a04-a178-5e1bdc4baee7,Amy Mitchell
6644594e-dcb4-4de5-b784-4243bfe7f900,Brian Sweeney
88750d01-9873-4e2c-905e-1ca6504aea85,Steven Atkins
74f446f9-9172-4cd8-8ec8-f2591b4b34ce,Angela Clark
e52d784a-e2e7-48e0-9f69-7f5c87d4cb18,Jeff Brown
aa28aa8b-8bb7-4579-81ae-ced8b57411bd,Robert Young
a42c0652-3dbc-4da6-ad7c-70ac9b8487ab,George Sanchez
ab5efe54-1c06-4359-bced-7a241ff83501,Justin West
8444fd21-93d2-4fc1-8c4c-a19cffda66d8,Amanda Young
74db1d82-4437-496c-8f08-d1303143c38d,Richard Jones
7f97f9f6-92e5-4186-bce4-19406fc4f138,Michelle Velez
0d86cee5-326f-45c5-a00f-199f6ef8a264,Jessica Hernandez
5acc34ac-f79e-42ca-9564-05cbc7c31f49,Jessica Bowman
d5021a63-b375-4d4a-bafd-73f1b0c4ea6c,Charles Edwards
1e3fd16a-748a-4dac-a232-b64cd38993f3,Thomas Armstrong
86e52bb6-8ccd-47fd-a3f5-ccbf14fd06ef,Jason Chung
37ba5116-073a-4711-aa3c-851eede7b1fb,Dean Booth
1d492b37-9572-4a04-aba1-04130a5665bb,Megan Baker
ce731276-f40d-4f5b-89b2-46359e33ae9b,Connor Watson
063834f3-c1cb-40fa-886a-d915fb514b44,Lindsay Shepard
a6c2fc95-a3cc-4ee5-ac9c-cbcd109bc2f4,Jessica Cole
76d5a478-1315-49e3-a790-9b4d49d7cf2e,Michelle Olson
e5e6dae4-fcdc-4285-beaf-033b2bf00bf0,Brandon Small
0a697ebc-a0af-4781-b15b-c0c6e7ebc536,Kristin Benson
369ecbe5-974d-4f0c-9c27-22aea05794a9,Shawna Knox
43ac84a1-cdda-4035-bea4-36c9745b35d6,Megan Faulkner
8bd4b284-b585-473c-8578-fd4f45ff0b9a,Darrell Logan
edc7b523-596f-4971-9794-55df3bb9fca9,Joseph Pope
7cdfc7d6-0ad9-42e8-add9-65e05ea38263,Patrick White
17b88dbf-31de-4de4-82d8-a014b10a02c4,Justin Miller
69fb4369-6b25-4ea8-9f01-c067f06292f2,Stephanie Dorsey
1d9fc020-5b56-493b-8765-51afd2677258,John Pacheco
6dbfa837-92b9-4c8f-8929-e3b658d0af3b,Michael Hensley
4f94bbb5-c7b4-4bcd-926c-602452e01649,Mr. Jonathan Taylor
74b41ff1-157b-4df1-bb08-2221abb0162a,Laura Taylor
8ed9a91c-553d-4ab7-9445-79de61635b7b,John Henderson
8eafc8b0-ec85-44c0-bc49-fb36e5c41463,Adam Roberts
d375b8a9-4567-4e21-b0db-57c7e1041b48,Gregory Rodgers
fb889766-165a-44f8-a416-f82c8ea95b62,Donald Smith
e542babe-6700-4bf7-bd9d-ccd25fc85ecb,Brandon King DDS
e1e92c1b-2da6-4a0a-a016-d646ad3f251f,Amber Reed
9335fcaa-53b4-404f-80ea-f0f59b1d911f,Mr. Leonard Mccullough MD
81f80501-1fd0-46db-bb9e-18b03c99e9c8,Christopher Holmes
74ad7406-599b-4867-ad7f-a50b052b5f8c,Victoria Villarreal
04c92673-b5e7-4907-87d4-ac16288fdbc6,Diana Taylor
039276c3-dc1c-4497-8e48-39c6454b49ca,Amber Small
67bb59cb-85ad-44ff-a95a-aec1ed4b4f36,Jennifer Johnson
df757880-f85f-4d91-94cd-bd1e301ac26d,Gregory Moore
1d9b698b-a979-4a4b-b174-33e20ce39d8f,Tyler Ramirez
5ad68956-55ee-4b31-a45f-bba395f082a1,John Hartman
682e5147-fbf3-4600-88e9-6fbc1885e471,Lisa Brown
5f974fa6-cd6d-48b4-878c-4e72425fc167,John Lowe
781c6ba0-4b8d-4306-ba7c-2dc84ecb7973,Mitchell Thomas
b2002428-31f5-46e7-95f8-6cdffa44b9db,Nicholas Cohen
3171d85e-d1e8-4f17-8913-4687b67ef621,Samantha Miller
ae542c9f-d435-45b9-bc84-95772b66044c,Dana Simpson
65f19fc1-1570-4b88-8edf-41b318fc8784,Wyatt Hickman
9fc512fc-63e0-4bbc-99cc-291042c35157,Amy Roberts
a3d48f43-db6a-428b-9d59-f8cecbeea3c7,Melissa Webb
aa174165-d083-4d11-be8d-a0d04b7eb972,Ashley Sullivan
d9319c5d-e29d-423b-b66e-82cad06d623f,Victoria Cameron
51b4e0cb-d807-4539-9bb5-6ed653f77f69,Brendan Rodriguez
f4ffabc7-5e2c-4ab0-ad7b-bdbdb68a8c62,James Robertson
a448ea53-4e7d-413d-adf4-df6669e64f2e,Matthew Zuniga
fc2b56af-319b-4e69-829c-da23739dd65a,Brent Conrad
b19a632c-b34f-4a85-b50f-c3ea789ece69,Ricky Lawson
5c451656-929b-4866-9f7d-05d9c4eb014f,Alexandra Chan
a31f6f91-c03f-4378-8639-108af2e854df,Valerie Bonilla
05b1b688-8bc4-4798-acad-258b1c150572,Dawn Thomas
addca6a7-362f-405b-aa3f-50fe20428eb3,Kimberly Coleman
616cfd25-de71-483e-9158-e52ed9b19deb,Derek Hunter
e1ecfff4-5efe-4edf-ab29-377ed74fcfdc,William Lopez
93cdec4c-08cc-4a16-a9d6-b4c6d93cfd6c,Maria Morgan
93525f14-59ac-4ed6-b300-c11e8bea5fc0,Theodore Boyer
c57836ff-592e-4717-a03f-5180603b020f,Gina Green
419033a8-fb4a-4ba9-8109-f015638a1e72,Mary Martin
c99f93b3-ecdf-4501-9699-3e4238073fcf,Megan Brown
3f496174-f4d4-4b98-b8c0-d206eff52d5d,Andrew Johnson
10e92862-88b6-41fa-b3a9-3bb703073501,Melissa Allen
8e1faea9-50af-4c8e-9815-fc484cf71b51,Joseph Smith
ff504a62-e1ae-4f0a-86bf-20e2b2596a34,Jason Jones DDS
caba895d-2b9c-45e3-bc72-1de637edc76c,Laura Callahan
e41f6ca7-3bb9-4cae-8e31-339e1b6a432f,Diane Haney
2f63d992-6ef0-4223-85fb-806c53919b78,Paul Barr
f746adc6-5302-421c-8cbc-5ffbe8ad9942,Karen Bennett
5f969091-263f-4537-9b36-ee0e14e68eb9,Christopher Smith
af8b011b-5276-4e49-8fa7-00d75e2290a2,Brian Mcdonald
54b71dcd-8c75-48c7-a8c9-9122830d26fd,Alexandra Colon
7fc4fc57-4a2b-4c33-af07-d6a198a248b7,Dennis Kane
87499ad0-1adf-434b-bbd8-35194d29c07c,Kimberly Gonzalez
f64778ae-3003-4717-9d54-6d4c4220c4c8,Courtney Lee
6688d86f-2c49-46b6-bd3b-e6414a721b42,Amanda Vance
1016c09a-924b-409c-a4c7-eebc27ba3bb2,Mr. Robert Wilson MD
ef7a5f45-5618-4613-becc-2d08f83f104e,Timothy Ferguson
95ffe3f1-3fb0-45c0-857c-3e00b0224e98,Valerie Howell
6f4fd837-f398-40d2-bc4e-8a05dfb51b22,Samantha Anthony
bdbf4ada-c4d2-40a9-8ddf-07ac1863aa0b,Robert Carter
0eb97978-8c26-4492-943b-755b50732ec7,Gerald Figueroa
44c333e2-acc3-4916-9cb0-4bf3f6ec15ce,Teresa Murray
6fa52369-8e70-47b8-93c7-972af9b0f6cd,Kimberly Evans
1e4c7c0e-aef3-4168-a1f3-789d5b1beb5a,Jermaine Young
a6a5d6af-5088-4e68-8377-06f47f57d745,Heidi Miller
c73ac0c3-738c-480b-a0e2-6d62d547b6e6,Janice Brown
c87a053c-cb64-4914-af91-c6d248051b97,Casey Howard
a12ec02b-a935-47f4-81f3-61ad45256d74,Jacob Lloyd
9e2e5d7e-dd6e-448f-817a-5b8f4dfc9c5b,John Davis
d9606e5a-3519-4403-8358-f1ec618b3ebe,Andrew Moore
0b5d2a30-08a0-425f-8346-6d279ce85e82,Patrick Crawford
67d12dbe-d246-4ba5-bcaa-c598c332b65f,Henry Morgan
0232b573-8698-4232-b86c-fb74179b5b26,Lauren Patrick
8341c6f6-92ce-48ab-b5b2-fe0f9659530b,Erin Fletcher
9a27e738-7987-4aff-8584-3f708d9945c0,Lori Delgado
605e39b8-f725-4d8d-9452-9fe8115bd8a1,Manuel Bush
e88072ef-3c25-4cf9-b16e-c15832c01c0c,Kellie Calderon
0f759c5d-97f5-4b15-8193-0afc70cc1007,Samantha Jordan
00cf4579-79ae-477e-a4d2-dafee11b9bdf,Carl Wiggins
a3a8cf47-1c3b-477b-8522-02d769841567,Dustin Edwards
6baea8a4-70e4-4e2f-8cae-4f7e0e0a337a,Tanya Coleman
fc4d408e-e067-49c4-a70a-f3d687546f38,Adam Ponce
7473d96e-4d93-440e-898f-9966e6d0ae2a,Danielle Manning
778785ba-243c-4483-bf61-4e5d3c4367a0,Kristina Golden
e4d2634e-5a19-4fe4-a19a-fc5c72f8ec4a,Bianca Kennedy
3085f349-0ea8-4f16-a4c9-563a7cbc9ab0,Matthew Knox
80839ebe-7215-4067-83b4-263d5d4c6576,Chad Miller
d2735bf7-0d38-4cac-9349-5328ee7c4dc1,Christopher Durham
e902f28a-8743-4fa6-848e-6a5c48fed3c6,Suzanne Davis
fcb58d01-8dc7-4c4d-8f8c-94f9a39c6016,Kim Flores DDS
26564a61-b314-4152-98d2-cb836d05aa81,Jessica Andrews
ff49e6db-a2b8-446f-a60f-c437729f3336,Jeanette Cox
6aee2036-61ca-45cc-af10-dd4d7dcc8029,Amy Moreno
60a891dc-6ba3-43c6-9299-3f5d6c6ad2ea,Kyle Franklin
07bc2572-6df2-42b0-9c24-3a9aaf5905ba,Angela Fitzgerald
b7cc3db6-75b5-4837-801c-92816a1a2794,Corey Payne
7551ec83-1bc4-43f5-b5a1-52b3fafff3ec,Blake Allen
26a6d986-40d7-4fb6-92cd-dc96eb0e3c31,David Erickson
0318fcfd-49e9-45f0-859c-b110226cfc17,Rhonda Walker
391f21be-f736-4373-8486-4c736ec2f83f,Michelle Fuller
e334c854-0cf2-4bd5-b08f-5b3ad8d11170,Mariah Johnson
f8e98c36-2a4c-4996-8ec2-eba201bdb04e,Sara Garcia
25a360dd-7f54-44a5-88bc-b154d802159d,Lynn Rodriguez
0e39f61c-965e-4e64-82b0-dc50ff642264,Amanda King
b7950506-6678-4957-b671-8188767d8eb2,Jennifer Phillips
91fd6bf5-eed7-43b3-8fda-21f18a84237e,Brandi Perry
74456ebf-d104-4c64-90e1-2f2600e5a08b,Julie Weiss
fa19559f-1cd4-4ec6-b23f-8c6d70d75be4,Courtney Chung
3b20721d-3572-4bc8-92ae-f6c8a8a4f7d7,Jessica Fields
8b5b5b78-94ac-46c2-8c32-67196199501a,Kenneth Watson
1afddec6-53b3-417e-8f82-d3c1ed3c61c5,Tommy Johnson
34374c9c-8e94-4dc9-8573-9adfa905ebac,Adam Hall
4a3366de-0d1c-490a-8226-f6d1d9bf670d,Diane Thompson
bd018bfe-c03f-4502-aa77-9a8cefc6aa2d,Tammy Mitchell
a157da98-00eb-4201-9e8f-af78f2b93bf4,Jose Smith
ec3486b8-de18-43cd-9aaf-162ca282ae4f,Lisa Chase
43323099-8835-43d6-b976-1c156ec2b4a6,Meghan Bennett
82fb03fd-6836-43c5-b27e-9f4a22f51dd6,Julia Stevenson
bb7d1cee-3cde-4215-902f-3b16f85daa1d,Sandra Morris
2c636457-db3c-4ba6-80ca-cb697a6aa26f,Jason Randolph
482d3bae-08c7-472e-8a95-1997ef83ece0,Ashley Perez
244526a9-60b0-4ceb-86b0-66709bf75931,Jessica Miller DVM
78e9eea1-201e-44d5-8239-5646a33f66c9,Andrea Luna
e84e8691-6a20-406a-a362-efe3805e9598,Sierra Howard
c013f5a6-660f-437b-99aa-8391bb59262b,Scott Jacobs
46a8957a-fb0c-446e-8064-78a2ecb1aff5,Jennifer Vega
4d2f5a0c-8852-4128-b0a0-2457fcfa4c7d,Donald Russell DDS
427a8677-d956-43de-a779-edc93b3e097b,Stephanie Odonnell
2777b43b-ba8c-451a-b166-72e11cab6432,Hannah Garcia
6b6a469b-ba3a-4e5e-ba9e-5f63f3684c0d,Alexandra Mcdonald
9fa5be74-349c-400b-8b35-93dd146df18b,Nicholas Pham
fe83fcb1-daa7-4130-b5ce-0e4f5b8b278a,Derek York
a2cb787e-2720-4733-872b-cf86c358135c,Michelle Christian
54f60d72-ae93-4cec-bb02-780d3fc0cf7a,Karen Sims
9bcaafc4-b7c7-4bc7-b27c-1efbad64bbab,Barbara Martin
bc657aab-1071-4784-b007-2288e5f66f21,Jason Ballard
0ef6d64f-dfe6-481b-96a5-0dea1d35f8e7,Margaret Harris
df80e6c3-cc1c-4c93-a005-fa7d6bccfbc6,Michael Martin
7819091a-e634-49ba-80af-2bb1de2dec1a,Christopher Carpenter
f1105289-bbe6-4396-a8a1-f55cf1e3c702,Christina Preston
bfccf89c-76f3-4cd6-9cae-baee66f88d07,Natalie Brown
a2fe4493-c054-437e-900c-a2f4a9a45575,Lauren Powell
576db06e-8a26-403e-9f84-007db6cc4e12,David Fernandez
f33e84a4-0d4f-4e01-a0a1-5b7fa6529b04,Corey Collins
551724a3-d8a0-4d81-b457-c9698b396fcd,Lisa Lee
4bc53af8-ec66-41eb-a5da-6c951da03cca,Krista Ford
d7bf4902-7d9e-40ac-ac96-71af6b75c3b7,Tiffany Boyd
66cede3f-3a6f-44fa-9fdc-efbab26201dc,Matthew Hernandez
a65dcbfb-3472-4eed-91eb-5c63b43521e5,Brandon Carey
9aeb770d-e8dc-48d3-9754-54e1b5102a6a,Blake Rodriguez
1f22d391-e9db-4a2c-9cd5-666476f334c4,Bryan Ramirez
17461414-c41b-496a-a5e2-0ef38ec7d029,Richard Campos
9a9418e3-2e7d-4104-8d6d-d04032ece661,Thomas Yates
cc509306-5577-463e-97ca-462fd81ba7af,Joseph Scott
89b685b4-3eb7-4751-b092-a8d93aab1454,Emily Robinson
d59ae957-1c89-40a4-8fa3-04cb6abfbb38,Trevor Davis
5b5fe271-62e0-4d46-9928-9ecb6abfa618,Cynthia Keller
00607a27-5d77-4039-b5c0-493bdc1140bb,Christopher Morales
86bf9684-2c8c-48fa-a4ba-b122d0c5d184,Peter House
16429712-399c-4be6-95d2-19ffca09349a,Alyssa Tucker
afec6af9-f2a2-4153-b4ab-9198827d84c2,Sandra Hall
4441e951-a30f-4b3b-b23b-95184d3829db,Krystal Harris
7d11aa08-7260-41fa-88f3-c1e01baf35b0,Jacob Williams
18398b37-5db3-405e-9091-0fc08217aacb,Jessica Howell DVM
f141d9ce-36c6-4fd7-a8ab-398862a81067,Marvin Hill
b469f9de-e9d9-4202-9355-3785661ea28e,Brent Tucker
999d26fb-ae93-4534-a857-10100e9028a1,Michael Wilkins
f54d85e0-ee81-40ef-9675-df559e4d935e,Sheila Williams
a7d2ec62-9f51-45ae-920e-6eddd739762a,Michaela Jones
39e809f2-33b4-427f-a6d5-6f748b38d014,Vanessa Mitchell
f4c460db-44e3-46fa-9f4e-d3fcda4f76f1,Jessica Pacheco
f3c23a10-32a8-47b8-83a4-4f7b61ae298f,Lisa Yu
0d87d063-4b10-4aac-9d3e-8ab5710115a7,Chelsea Thompson
a9e6784d-03ea-4c82-a564-4b59a6ef66fb,Megan Rogers
a3eff5ee-aade-41bc-8f08-a66ea174272f,Thomas Daniels
eb7e3b4c-63fb-4102-9368-8600c73b1298,Patrick Miller
82ba6baf-f6c1-479e-9638-2f590e3a6e8d,Kristina Lara
17337c9a-0575-401e-a0f2-62fb33c5e1ea,Daniel Bean
4cd83aa2-bc98-4f39-bebc-2d0957f0e630,Morgan Baker
c49ca3a8-06ca-40fd-a792-9ea5c13456ca,Brandon Stevens
4c5e3e38-98ab-47c3-9a0b-ab29632ede95,Mary Kent
1b409ac6-5ee6-4564-8c23-ecbc03548870,Robin Juarez
bcc326bb-b1ea-490f-ba20-e7eecd57cf9c,Andrea Richards
d741ccc3-993d-4fb0-8593-1fb0a58978ca,Jeffrey Williams III
66eaf51e-2b23-4219-8193-6fcb6e6bc354,Kaitlin Browning DVM
94f2fa8a-3e6c-413a-a7d2-967d17d65d1a,Melissa Simpson
17047c5f-5d68-47be-85c7-b0d80ac22640,Dylan Weaver
234721d8-27e6-47d1-afa4-505d99609f15,Luis Stuart
bbea0b5c-b551-48b3-9f22-42c83f17543e,Eric Johnston
6f938259-dae9-41f6-ab69-6212beee33f9,Julian Robinson
b543d422-3bc4-4190-b5ac-1ecf06f22c0f,Megan Mathis
c9222167-457d-48d4-9fcb-00f3160e6e42,Thomas Brown
078b07b7-d14c-4e68-829b-bd6bba735913,Justin Blackwell
752cd3cd-f236-47f5-b815-6f64ad36e32d,Anne Moore
f9818aa2-7498-4811-85d3-095ee0f11c05,Alison Schwartz
5a046634-f594-42c3-bf75-0d34ce32e177,Sheila Valdez
05c98420-6379-44bb-bed5-702a1cd515e0,Jacqueline Garcia
1a629aae-d26c-4343-8fee-0b3505ae3707,Corey Thomas
c7c74314-0b2d-4620-b0c2-e72fc25d5180,Joseph Alvarez
80e7aa88-9406-440d-8574-2704bf350fec,Jill Nelson
d72bd3e6-094e-4e73-96ba-e0347f6126c2,Julie Bates
9cf6e290-7888-4068-aae4-ef9a07d0f0a1,Scott Evans
52ef87d9-e9da-46f2-b4ea-fd917c7bbb02,Judy Smith
3269f1cd-d05e-4e74-b217-586437aafa11,Paul Christian
47be7182-008d-4e8d-b071-c46ad7123bdc,Casey Lara
4dcbfabe-e4f8-4ee0-9a5d-91d937202a09,Daniel Arnold
a2127df3-967a-4a2b-bf8f-cf1a7d6978ea,Dawn Neal
f4da0729-7775-4023-81a4-3568abe6669f,Richard Potter
87fff33a-fb5e-46c3-8df0-b38692d36b12,Allen Rich
66caa060-9a40-416b-bcc0-b8fdb275c71f,Erika Martin
de0fb8ac-eb62-4ad6-9bae-115b736e09c2,Kylie Juarez
4eb1b1dc-3363-4c88-bdde-8c18e876a703,Mary Ramirez
24d2381a-0bd7-45b6-adbb-8201640e1698,Robin Peterson
f2215d85-2f83-40f9-b405-89d8d3fb5534,Ryan Jordan
c4d8ed0f-4703-49dc-bcec-316a739a9ed7,Molly Johnson
d399c0fe-4d50-46b1-b951-1300a5979fe8,Ruben Garcia
b621b4c3-d998-4362-af0d-1b31633cc604,Jason Holloway
4f3df4a7-bee0-43a6-a10b-ddd75c9fbf6c,Eric Montoya
2b7981e4-3e9c-46a5-bf77-4a88346c53b2,Janet Irwin
3d554775-1d9b-47e7-9f1b-6934d27dc481,Jennifer Anderson
d6cb4f0f-2ff1-4527-881c-824cfb6aef09,Natasha Hall MD
71db4977-348b-498a-9d95-487be35c05b8,Elizabeth Ramirez
871b60a7-9ff8-4e80-9c4c-b82a28940d4e,April Davidson
78e84ad3-ba35-4b2b-8df5-34ae051ab046,Dr. James Hoffman
79da98f7-2fa7-4220-8b34-90b0a69b0759,Craig Wells
a2fdb496-0233-447a-a754-57ff74608766,Deborah Richardson
99f0c7a3-7347-4099-a811-2af2716fce13,Craig Graham
cd3d3f4f-2453-4be2-a115-0fc0bc56045f,James Murray
b09f1f59-2c8c-4088-b937-6b8dfe4b1e04,Deborah Sweeney
5d5954ed-04a6-496e-b42e-f6dede397092,Robert Fox
c8d74368-b1d6-4b75-975f-02c349262875,Jordan Walsh
53e9e2dd-32ed-4813-8aad-054bd25646ec,Jacob Brown
83a98ef0-25bc-4552-8a5b-5bc1f2e8186f,Stacey Wilson
f3165387-1478-4ad6-af36-389ddf7f9e83,Karen Robles
c8264808-1808-4675-97f5-2bb4c4d088ac,Denise Lewis
2c3d26df-3d6e-4af0-8669-9759ab52949f,Jordan Perez
79b28896-45c4-4f60-9b56-c3efeafb654b,Gregory Evans
01bafd09-4ae7-42c1-ad61-576fac139455,Jason Gardner
05b688b9-c3c7-4f04-9db6-a0431f9d7f38,David Moody
31494067-82fa-4edc-873e-35824ba034b1,Judy Fisher DDS
7ef353c0-9d85-47ae-8767-068befdeec63,Alexis Smith
926bea5d-03eb-4523-9d0f-f1a96da95440,Christopher Navarro
f78884f5-ae13-487f-8cb2-92b19aa633c7,Ricky Campbell
67f02144-ea6c-403c-b6c9-cb06d18abe40,Christopher Chang
2dcfa333-2cbf-4811-a202-2c69b6fe3180,Robert Bell
081df8de-599e-4a6a-a91c-c4190c37ba30,Brandon Hampton
b8e8a0fb-0c88-4b43-a6f5-f054eb9336d6,Vincent Alvarez
1789d335-9c68-4c75-8a2e-1071e6717b9d,Valerie Johnson
ee3f6022-10b8-4d48-bb8a-55572b83ef08,Jose Ward
1aac5a36-8ed1-49b9-923d-28d82608a3b3,Robert Salazar
e28dc4c4-45df-466d-8429-8437dc7c3a3f,Kelly Stephens
ddab108f-554f-42b3-a886-30f87fffa229,Michelle Robbins
54ea9d3d-d830-4e2a-b700-df2add25dfa0,Charles Gregory
f1855401-872d-4bd0-b708-027afc0977d4,Jennifer Weeks
e5982fac-7d4b-41d3-8cc0-194763a7b0d2,Melanie Brown
64be877b-321f-4d7d-8ec4-b486e822cce7,Tanya Reed
03b49cb0-b0e5-4a71-b4bf-7b7ce5c50aaa,Joshua Lloyd
337ce45a-ac6d-49f9-b18a-b3bdee16be0b,William Smith
cc67d04b-de73-4469-80a7-e47416c37e1f,Brian Hamilton
0e457e94-2567-4f9e-b28d-4e7aebf7bf64,Johnny Mclean
933d3525-e344-493d-9422-b1b448f01b30,Lauren Romero
23aa2b7d-b051-4f38-a835-00753e3a1c6d,Ryan Raymond
bb1d2de7-97fa-4b04-aad1-f18b55412656,Eugene Miller
9177712d-25de-44fc-b785-f6244020635f,Amy Summers
8070b3bf-a695-44f2-97d0-3d58ea846206,John Smith
156d0b84-62a0-443d-882b-0ea50bb69421,John Maldonado
86c81f7a-d46f-4929-b607-bc7fb0b21456,Eric Simon
3d0cfc0b-b5bb-4fdf-a77d-0a0838c78a13,Stacy Alvarez
47b77117-a14b-4680-8ca2-d4d40fd7822f,Lisa Peters
569b8401-80a9-4377-b245-0470468764ec,Joseph Howard
4499a89f-cb81-4c93-a72f-4652f17fada1,Frederick Williams
ab662e7c-5086-4df2-b2c1-327fce1954cd,Daniel Mahoney
6b1bc3d6-c682-45f0-8c51-ab7fe0e7bea2,Arthur Mccoy
91830ac8-9a40-4a48-80e8-2a4d75dcbed1,Tracy Nunez
7c941b1f-81c7-4cc0-a868-03191fcb0026,Kiara Guerra
fb58ff02-8a22-4674-b182-bb58b0663fa8,Dr. Adam Mcconnell
58d98466-687d-4b58-a198-ae68ec579b7a,George Fisher
f94afb46-46e3-4426-b699-ac93d8026d74,Aaron Henderson
0ec2a145-4a2b-447e-a81d-5e79383aaa99,Antonio Rivera
e3367eae-637b-4cd6-9bd5-7fde565c8290,Jacob Nichols
60a208c3-bb65-47f5-8c9d-b4e011d7fcbf,Kelly Harris
f39a97dd-a414-40ff-8d01-a8bd5cbec6ea,Amanda Lopez
bd4a5e6e-59ab-4825-823f-7c63c3be816c,Laura Vasquez
0e2e4bdf-3592-4441-8044-fdf5899ab5ab,Zachary Acosta
d5536274-c1d0-4896-9a8a-5965a177ca92,Christian May
aa782beb-2bde-4ad5-bc07-4335256ad4e6,Jack Baker
98acc9bf-22aa-460b-be04-40faaca4d9ec,Thomas Jones
65c318a1-7e3c-4d0e-b91c-749680ec674a,Melissa Cook
24962540-874b-4cae-9bb9-f7266aea11f2,Derek Johnson
a61020a8-aad9-4132-8698-39d23effd184,Alicia Green
561aaa5d-a70c-493d-b8c0-16ff71369d87,Nicole Bond
d259f6a5-4a89-4f8f-8497-f019610b658d,William Williams
1a89b41f-0782-423e-9191-7e1233d3f8c2,Susan Barton
7727dcf9-b504-4bdd-80b4-422adbfa0fd5,Samantha Henderson
363eb4f3-7609-4bb3-9738-9ed6d72912b9,Charlotte Perez
0e5a3baf-5ab6-441b-ae06-487b36206a65,Whitney Bishop
90b09c22-8eeb-4d1a-ade3-84c0c1c617f9,Kayla Miller
3ed828bc-488f-4e89-b85a-4063de8e0592,Annette Smith
737d6f26-fe43-4d74-b489-9f963b19c9e4,Megan Allen
790987e8-34f1-45e3-8d96-7c28cdef1519,Patrick Johnson
29df66e2-c247-4438-a5f1-95c21a7ab219,Joann Graham
1a881cdb-477f-4b61-8b7a-10dcd3cfa047,Thomas Carlson
f587df50-4f56-4596-b23d-19d7fe064e56,Ryan Martin
5678a40e-0461-4ac5-90f5-be74a093b2f9,Gina Smith
d2248b8a-5d8d-4d87-b095-e5ecd63fe996,Kelly Baldwin
0a131439-19c6-47dd-a993-38600c4db049,Roger Parker
7e9cedf9-df34-4966-ba46-00b6c1d072f1,Gilbert Henry
ecd61b96-8396-4ab4-a8c1-ad7da95b9d90,Heather Jones
67d15020-0fdb-4dc7-a4da-e45aaa0d53d7,Derrick Adams
5cb26abc-2df7-4714-a13a-221f72f18322,Anna Cameron
6a6d6bb4-230d-4b74-8729-e0ffd7408b4a,Claudia Schultz
86ba7b8e-9fe7-47ca-af4a-7fd319de1d09,Diane Gutierrez
e48d2b59-3ea3-4221-a36f-6b1fd7236f4a,Angela James
795adf45-8616-4d6b-9f13-a8d01a7a8f0a,Justin Farley
c39086dd-1eca-4997-bc10-eeb69280fd83,Laura Chen
e61ad5d0-9b3d-4189-b3f6-bdf5975b716a,Jessica Burton
8fcb12d8-3bfc-4d23-872b-66a1397f5e0c,Lauren Barnett
bc62fca3-4957-473b-b5c6-d7b51e098b4f,Michael Cordova
4927da60-bd1a-4567-9fbd-afefddbc926a,Jasmine Allen
ddde8ac2-78bb-49cc-b0da-faa20b109eb4,Michael Lopez
6be2d812-7475-4eef-b78b-db31cf48eb83,Philip Herrera
7b47178f-2a04-400f-a049-f3db4e167855,Jamie Williams
b14cc541-2a9b-45bf-827c-0eae582f4e0b,Charlotte Wheeler
321f401b-1c52-4b76-8725-1d6f795f1102,Christine Carr
212c0c16-85c0-4bca-b8eb-2b9fcdef3aa6,Kenneth Levy
6800aa4b-f689-4aaa-aa44-eb0af05550f4,Antonio Davis
0fa32d93-6043-45a8-bc21-bde8d6649efe,James Obrien
c8cda3d3-bc36-4e65-91b9-293a9bdda994,Cindy Thompson
98560f38-a78e-4a09-8a1b-1bb9bbaee1c1,Ashley Hughes
404e3726-97b7-494e-9a3e-53f86e2b6d4c,Diane Hubbard
c35bc54d-07f3-488f-9ec1-936c3ead98d4,Matthew Gonzales
3534ff7e-dc06-408d-8ceb-8a12a0a20302,Steven Perez
e3684e21-b00c-4f3f-9fdb-ef7362b9e06b,Erica Smith
b7e0b025-7ed3-4203-b569-e3f89de7c26a,Connie Stanley
cb8552aa-650a-46f3-a668-01e2bb27dfb5,Ryan Cross
c8d7ca0f-2b5c-45d4-ae8f-d89d5797a70a,Jessica Jarvis
42947e46-6c01-4bde-9be7-ba7854ee4f1a,Anna Medina
e4c1522c-7193-4ddc-98a9-b083070da1e7,Kenneth Bishop
7f16b0b8-14f9-40a8-98a2-7474c518bdc4,Alex Arroyo
050553d7-1741-4146-8b17-5482e5275a7d,Stephen Castillo
88b78838-1268-4aff-a10a-0e1fb18ea38b,Edgar Murray
9f015d28-7ddf-4a64-ad3b-27ba45ed1c7a,Kevin Mckenzie
8e0291d2-2bd5-43a5-b9c0-f9efe6aa3e05,Ashley Mcgee
3b8bed32-4d33-4ae5-938c-b9b2e8db04c6,Sarah Castro
b4e2b22e-c98f-4aad-8d10-2c69a6da22b3,Erin Boone
20dd332a-ee79-4f99-bd44-4f989bb0ceca,Jasmine Reese
1e324b78-66fd-4648-84a0-ac874f24f63c,Connor Savage
1604efe3-1f3f-483f-8d74-4d6334fbb988,Phillip Clarke
b8cb1acd-88f8-4be3-bc18-97992945ee0f,David Tate MD
35717da4-8dbc-4569-9a98-89dcc5cf15ed,Andrew Doyle
f4ba945f-d22d-491c-9684-bd79907af4af,Adam Torres
90556129-db7d-4e43-a43c-7d3c96c3ffd7,Carrie Foster
edc2b0b0-de7a-43c0-ac3a-2de7ec28a1ff,Jason Silva
72e8660d-6555-44bd-ab6b-fc32676be44c,Logan Wright
b5cfd63a-6384-42f7-b4b9-d35f622733cc,Brandon Dyer
463d0974-cc6b-4a65-b13e-3f87dc1bb149,Lisa Anderson
c2114ab1-f300-4e45-9d1a-acf685590d4c,Rachel Beck
af2a0f72-8f0f-4a8e-9962-756c386011be,Donna Gallagher
77b9eb3f-3556-4675-8de4-502da24c8180,Emily Gonzalez
a050e5c4-06f0-4b76-a18c-f7aff71124ae,Karen Jones
bee82f47-d050-4375-a177-ea8755d96446,Lori Douglas
bee9696d-1426-41ad-9275-f0ca21c1fd34,Christopher Davis DDS
d1d548c6-52a0-4175-806f-90b187de28ac,Tiffany Barrett
16f00e4b-a818-4b72-b21a-10bbfd43f1a8,Angela Lopez
3114fc60-9ec6-4b98-8906-2891523d149e,Paul Davis
48fc0402-59fd-48a7-993a-aabc8096ac52,Mark Dorsey
7bb7f6c5-7070-4243-bb2b-4792bb0d3e11,Laura Arnold
c7743226-34c4-4273-aed9-ed034ee39fbd,Jason Robles
85ab3bf6-588f-41cf-876d-1ec9fa0ef5a9,Dylan Hull
7916474a-e33d-4ad2-8f53-4be274a83e8d,Ronald Smith
1e333079-4cd4-4bfe-a48c-b9c5be8ceaaf,Keith Cook
0357f18f-8e21-4efe-8d50-b663a61b1aa2,Stephanie Ray
abba4d21-fc29-4568-a890-7c0bb62a083b,Rebecca Holt
5b1930da-5e5f-48c7-ab53-dbea282ba377,Dr. Denise Klein MD
0a4a2e2d-0c33-40aa-9e60-85a86f3e9e26,Elizabeth Riggs
c5513d44-39ec-4074-a1b9-7f50381a8b78,Michael Frazier
9dd262d9-56ad-4949-963b-cefb570b2ef8,Paul Wilson
0e38ebe0-7521-442f-b0cb-010ae658261a,Renee Herring
1a3756d0-8ed7-42bb-9eb9-0a8b6f29bd35,Jordan Conner
d6f0c23c-16e6-4e39-be50-bc106cabbd16,Joshua Lane
475ee0e7-341d-4dc0-9423-2d87f5d13139,Katelyn Miller
fa7f3c50-75c7-4b7d-a8dd-1c6d37a257fa,Amber Brown
5a94a765-4b8f-4363-8f23-d00304af0401,Donna Brandt
a90fd172-b646-426a-b552-459cfc2e8d4e,Christopher Perez
45543011-07e3-4424-9e47-0526641af316,Sydney Nichols
b1e298f5-44a4-4962-a58c-637cc24ab2bc,Peggy Rodriguez
7eda50fb-0014-4206-8566-70adbb7a13f1,Candice Cunningham
0f3e05d5-9901-405f-bfa5-3815a716ac73,Andrew Nelson
1d04ba7d-9644-403a-a76d-baf2109fddeb,James Martin
ee68a9ca-07c5-4ca5-8fdb-67d89228cf85,Timothy Cobb
b11c6389-0793-4224-bd7e-d312f2c231a8,Dawn Cooper
b81a55e1-3c87-4cf7-a22e-9926580524d9,Steven Spencer
31af3cad-df22-4fd8-857f-15b72f90cdeb,Eddie Dalton
d3b1ff9c-f4e0-476e-9b5e-2cbd77f2ec89,Richard Hernandez
76f0069d-02d3-439a-a173-f4175855c5f1,Andrew Murray
a189b331-391d-4620-9bb1-278fb09281df,Katherine Welch
0871550f-f552-4f58-8f57-23493d491e17,Danielle Hanson
98618e24-432a-4741-ac3b-238227e577d4,Michael Gallegos
d9d25b07-c522-405e-a391-b323ceb255f9,Kenneth Hawkins
c829f613-cf4b-441e-9f33-3d03341c3755,Pamela Moss
e08c51b9-ad97-47ee-bda8-4bc27479995e,Elizabeth Campbell
eb3e55f0-b297-4383-9718-13c1e4494366,Amy Nelson
b6b258c1-79f1-4a41-b222-ca144059d11b,Anthony Jones
43325dcd-70a6-4376-b23a-4c280e3bdfe2,Deborah Bennett
f6fee734-c570-4681-9fb9-0b0b2cfceaed,Shannon Dudley
e6237f09-2813-409b-b4d6-3cc54aea1c75,Karen Rogers
dd245df6-2ac4-4125-8821-48823bc5bff9,Jeffrey Ramirez
e083ff39-59bf-4f06-bc9b-f1ef682a9671,Jennifer Nicholson
0e3d32fc-8184-4e2f-9530-d84d220cde8b,Lori Dennis
0ca5e43e-44ce-4820-a9e9-cfc1865a4afa,John Moore
1259b9bd-4657-4e09-9424-cda5aa5b640d,Jason Hickman
d39eadb3-905b-49b1-b730-1b208246fd73,Willie Kelley
983e2c12-4ca3-4e0b-b54b-e97e9c44abb7,Shannon Mccoy
4a68b7c3-5e1f-4146-b6d4-e130c8aa35bc,Brandon Sims
fb549828-b44d-4f8b-9526-171b7b2debdf,Jennifer Mcpherson
bf5e970a-dbd0-43b0-9df8-586079a158d4,Maurice Jacobs
d5126a1c-6dca-4eac-9527-48962ba5889f,Michael Graves
64fd3935-5f67-4f0d-9ab9-759f66b72321,Jennifer Martin
e67c21c0-9f2b-43ed-998a-2046877860e4,Erin Jenkins
7454d6c8-82d3-48e0-b7be-0fb6f319882c,Lisa Bridges DDS
01f815f5-7cd6-4158-a2ae-a11c10d6e315,John Collins
30413e06-35fa-4961-9ad2-3d648fc738bc,Shannon Simpson
e3e5ba9b-2520-406b-80de-5eeb10d26eb1,Michelle Mathews MD
120730c9-89a0-49af-9169-262afc3e797d,Michael Middleton
e3892f6b-8850-4cae-aa21-671899859691,Thomas Garcia
1ac90889-7a9c-45c7-a09c-3446597351d2,Leslie Wright
f3f91240-a0ed-4667-b9cd-d29d24acc3c8,Cristina Hill
41b2067a-eba6-43ba-91ee-bf13a3538677,Justin Taylor
3b5e39e8-71c6-46df-ba20-dc3e8eeb9a5d,William Smith
32267a51-b0cc-44c9-8b41-a27a6518b780,Amy English
59c63845-3e4f-4ff4-af8a-ec86fa22b621,Dana Washington
aa270f4d-88f5-41e8-b6a9-03b1c662b3c1,Timothy Garcia
1c73cbed-c960-4d1f-88fc-d4326b7c75dc,Eric Zavala
34f66b41-ae29-4ebb-8b7c-254e1ea20274,Vickie Robinson
6d0a52a3-ecad-46a7-a976-ba226c74c1b4,Daniel Gibson
33e22c4a-1f5d-46ea-b45d-b33ad152ce00,Heidi Cohen
62958c71-941d-4cbe-984f-435d9cc96528,Mr. Randy Larson
e8264ad6-c19a-4c33-ba73-12d9eda8a2cb,Sarah Hutchinson
8af5683a-debf-49c7-a258-79c8705cd624,Melissa Andrews
3d4bdb90-852c-4c95-971d-bb1b67409beb,Peter Hebert
9a1775bd-d002-47ff-aa83-803c44008f25,Mark Moore
dc353d8a-a65f-4bdc-8352-00af528d6281,Mary English
18c9431a-8edc-44b9-92bb-b31e5887db3c,Tony Jenkins
f90d40dc-5df3-462b-b047-51992d5b74cf,Patrick Richard
1534f79e-ee57-4242-8cfa-a18f96229ddf,Melissa Holmes
29a1da66-3099-4e01-b03b-38cfeb4e640e,Diana Barrett
e4af4cc9-cc39-443a-9e9d-90ffdc08aa38,Edwin Carroll
62d95603-381f-4a96-9555-27230156829c,Tracy Shaffer
a9043179-53ec-49d5-888f-ed2dd6922cde,Samuel Navarro
0721aa35-afcb-4c14-80b8-c035b77a4b4a,Shelia Ray
4697b00b-79f0-47ae-8741-c0628a64dc58,Donna Nicholson DDS
72ead490-0ab6-48ea-806f-daddc8259e5d,Darryl Nicholson
637e6075-b266-4148-897e-6582d6b12076,Brooke Carey
ce931499-bcc0-43c6-9637-4673e6a284e7,Teresa Romero
e7fa53ee-3708-46e0-9de4-a35b4008bfe2,Jacob Patrick
75c37ba4-e42d-4f21-8f02-df2d9eb0f1f6,James Gutierrez
f1b38c32-b483-438a-9b89-19b5c38d0289,Andrew James
f5a4a274-4a5d-4ab4-81e2-880442aec3e9,Leslie Ward
6c8b881e-6cff-4a52-9cd9-f83e615b3341,David Houston
935c3ba7-a782-4c41-befb-f4fa6357b5b2,Cassie Howe
a48dc99e-ed11-4d8f-8ca5-9207c4c321e4,Lauren Wilcox
0b624ad8-c2f0-4cce-a251-179e8d6a0fa2,Rodney Rose
3700ccf7-1b3d-4495-9cad-210333b2a7e7,Virginia Willis
e9598d93-fac4-46bb-95af-cad4feb57dfa,Joseph Cruz
fd70445d-ca1b-493d-92ce-4452fb3ef3d8,Diana Davis
0546d572-b8a1-4bd6-be28-725dd485e9cb,Daniel Reyes
1f51c8d4-413f-41c6-acbe-2ba50df32dec,Martha Lee
8c4cb681-9214-4330-978e-eed624be0142,Olivia Clark
482d8206-6768-4a35-b369-04b88a7f5b49,Ms. Jessica Peterson
010f8805-0371-4410-bab2-de4266716746,Debra Howell
8e7eff7a-75f3-4c1a-9264-c7adfe5551f1,Leslie Anderson
4ef4ad5f-fbee-4e20-b022-e82fa742ad44,Mary Kelly
8f23972a-b8f4-45e6-9516-af782d5cb946,Nathaniel Stewart
59144548-616c-440a-8dd5-27f1e4bfc52e,Stephanie Leblanc
9a723708-73a2-4487-9d52-890d49e2f123,Brandon Parks
1e28ab0f-1e57-4aba-9d1f-efb999fa268b,Christopher Williams
cef6b1af-e51e-4edc-b388-d28611a51a3d,Jennifer Bell
c62f669a-82ec-4a3d-bb61-5e67a4aceb1b,David Jackson
dc28093c-16d4-4240-b9e8-566e515e73eb,Shelby Ross
1f146fea-9a3c-4575-ac3c-d352530ca052,Ann Garcia
34ef2aba-a4fd-4a5b-a740-e6adf8f9b7ab,Brett Thompson
a4439fc6-ba11-4754-ae41-873d057d4a42,Joseph King
bb7f40f9-3ccb-4550-aea9-157c9fe01734,Amanda Lee
bb79f6f3-fed7-499e-ad4e-ffb5aed88dae,Jackie Bradford
d1075952-29cc-48dc-be16-ea0e1250bacc,Charles Patterson
6a79d88d-0db9-4425-b13b-62d9ae121f39,Steven James
bdc786e8-1c63-490d-aa93-136ee3f46eca,Daniel Mccullough
0b7f8cff-b6c8-479b-960f-cebb35913f26,Sara Harvey
24a26b5f-204d-43b9-afba-fd0ee1f8d127,Charles Young
93ac2b81-e9bb-4758-a4dd-4764c35492b2,Mark Smith
94ad666b-7ad6-48fc-b285-450ba508dd5b,Rebecca Stevens
c994b082-89b5-4e91-a31e-47ea80e8f29c,Gavin Randall
3ef81db1-4f15-4ffe-b515-4ed71c6a049d,Gregory Turner
0a2018cf-7fdb-4442-9327-4abe27e1e625,Michael Hoffman
2e3e0bb7-495a-4eb5-8e3a-695c62bf5288,John Moss
c93c5dda-1b71-4420-bb91-3bf2dcc56c47,Justin Weber
4e3ce3f0-ee5b-45ac-a4b0-3d2a1b74bbaf,Louis Morris
2efb86c0-2119-4147-b529-af7ec5ec53ad,Susan Wong
13b68cd6-7318-47db-af12-c3dba0e45a0c,Dylan Payne
49d43006-24da-4ed8-bbf4-3e85201b8d11,Brenda Kim
16aef863-4f1a-4e44-bd4f-2a66bef5c044,Daniel Ramirez
c029374a-33b2-4f0e-96b1-1e3f9c40a3e2,Christina Buckley
67bf6163-04b5-4694-9653-b7e3de8beab7,Richard Stewart
78263941-6791-46ee-aa4d-65432e2d7c13,Carl Mcbride
1a467f8f-78fd-4cdf-aee5-45585f3c8149,Stephanie Morris
dc7a015a-7274-4fbf-976f-b4c09b09f98a,Angela Ramos
fb623345-d720-44a4-8ed4-18b2e9f506b2,David Cook
9ca71cb5-e1d2-4cff-939e-8f98e97cce93,Matthew Bentley
d63b5dbf-2e80-4228-865b-441d6b6d662a,Donald Mcconnell
7c9e0f37-54de-4ded-ad0b-e90578c9d1d5,Robert Chen
33d22042-3a00-4e75-aabb-823166823a92,Katrina Scott
ae24d2e6-620c-46ae-9fc9-4156f719ec83,Maria Nunez
d5c12451-59c9-4708-b5f9-5fd253d2e078,Toni Morris
538bafea-70b8-464e-a356-ed719b1abc2d,Brian Kemp
f0845c4e-2ccb-4ab3-8d81-72709369cc7d,Michael Jordan
cfb0bcf2-2abe-4b82-983d-6083fbf88197,Audrey Campbell
1d90e283-632b-4e4d-a6ff-a8f2d6df9f4a,Michael Boyd
e1d32cda-b248-43ea-beda-1218de8a1e23,Charles Lane
03221392-826d-40d4-989f-57f7f0f0b9a9,Samantha Nguyen
4269ab56-2d53-4409-9378-7bca61f2e5ac,Erika Guzman
5510be5d-a6e5-499b-9b1a-d1bb85ef713b,Jacob Barton
4ffd7b6c-04ae-4845-87e6-c7f59e9ac9ea,Kimberly Vincent
6c9ba120-34d3-4943-b410-e788d9d7e886,Joshua Rivera
4af2254a-f6db-42d3-8eb0-6ddb82191826,Lisa Drake
ca6af218-dc45-40f9-b015-80dfb943919a,Danielle Griffin
dce10f83-b540-45c5-a0b9-4abd0f12f26f,Austin Adams
a1bc3874-56cf-4119-9afa-6b222f4b6ba5,Rodney Clark
b8f5af32-1e60-44e1-a5af-67e5493b3554,Erica Vincent
4121e365-a03f-4607-9235-c59dd7ce49af,Ronald Noble
4e8b2dbd-ecad-4d65-9b4b-784ecc85f663,Jennifer Henderson
628b6d55-d397-42d6-a28d-24084e631acc,Susan Wang
c2cf2c86-0ff6-4517-99a0-ba3a27f4f942,Andrew Warren
4caad21e-353e-41f7-b40e-21c838cfb0da,Isaiah Sparks
508086af-32e2-40c6-9fd7-0528b43b7490,Jacqueline Ferguson PhD
d1f24d2a-8120-4775-b974-ddcd2414cdd7,Joshua Davis
8c41ea39-79b5-408c-bb2a-86fa11199391,Sharon Hodges
d30d43ec-18a3-4c7d-9a68-0494796d23e2,Mrs. Rhonda Hawkins MD
24e43e67-c683-491e-adb4-b335a9184431,Douglas Cole
f5b5a440-e3a4-45bf-8067-da16c9ba2345,Catherine Solomon
5f9e4279-2ace-4f7a-8dc7-bac4aa25f185,Dustin Spears
c664235b-6ab2-4bfe-899e-64b113a6d3b3,Lauren Burke
8272418d-bb9c-4215-a962-c98687f6cf63,Makayla Oconnor
53c26a7b-9782-4458-bd0f-2fe96d0c0227,Robin Carr
0a44c3b1-a89e-4e86-a216-d1cb285a67f4,Kevin Montgomery
32b3fa80-0319-4b2d-ad47-e4701ddf411a,Shannon Novak
c197920d-5af3-4897-9aa2-f999b2d992fe,Ricardo Miller
3a5560ed-97c8-4f20-8024-3f9023fdd549,Andrew Bullock
797be166-7f83-4b9b-b5ae-bd50aec4fbf5,Paige Patton
7fcb2c12-3ada-45a0-8991-962966bcec5c,William Moody
401c4e10-7360-4aa2-8e7d-ba8b4987590a,James Clayton
b2168837-a508-4e5f-a74b-1f12f5471e05,Jason Martinez
c2936492-591b-4a62-9e34-fd3c5f2fea45,Kiara Rodriguez
00c26217-de76-41ed-af49-4915d740346d,Matthew Wheeler
ddb367ab-a307-4a5f-b149-3dec3d299bdc,Taylor Wright
0bcae694-871b-4183-a8a9-8b22b0dce5f7,Amber Luna
defcfa04-0f05-4b7d-9fa2-608b08a94300,Rodney Harris
3415f2da-f5d0-4fc7-9d27-6374550ca5eb,Jonathan Morgan
d9f38dec-4bfa-4e85-a7e4-ef5ea70833ad,Karen David
a979da2d-ed63-4ff6-a907-ecb95841122c,Shelley Shaw
df653d61-a389-4aa1-a8fa-8e9f4925b81c,Scott House
6d2e22cb-a180-42fe-841e-84e6177cb4a5,Debra White
75a8c9f2-a389-4b3f-a675-707f6f6298aa,John Bryant
9be971a2-6b02-4f74-ae1a-eba42bbe80e1,Allison Orozco
39a38d38-2ecd-4b33-9827-ee9327193052,Caitlyn Thompson
525a1a6b-690d-4ec9-b34a-6b1525f2de6e,Russell Martin
040a245d-a4e1-4f58-a476-ca760bc8cce5,Jill Boyd
20731633-4e9f-42b0-a54c-e967611ffb52,Jeffery Dougherty
f8af8a47-dd12-47e7-a13f-ef101db1e268,Monica Myers
6f6eca8d-b14f-4930-ad0b-7c5cb667261d,Jonathan Stewart
070523db-0da8-4aed-85d0-fc577021e987,Daniel Thomas
6a8cd0cc-9d04-4e67-b5ef-db4ab4698360,Wendy Jackson
38836574-76cf-47a6-a0b8-574b90dba8c1,Mary Lindsey
d4fd98ab-5cb0-4c8b-9f5d-fd4614cb1efb,Tyler Hall
76b8179f-4e8e-41cc-b7d5-c5a5b24028f8,Traci Armstrong
c0079f71-a087-4f91-9f80-9c22ac59240e,Tara Wilson
195dabcc-efbf-4205-a345-5f9acb83fa7b,Christy Perry
bd833a9e-f067-49b6-94c5-1a82868ca698,Lisa Powell
057f07b0-a04b-4b88-835a-14856e83a74d,Marissa Brown
8204a98f-f66e-4f0a-bbe4-9114b0db1a87,Stacie Pennington
e5d1266d-c796-459a-ae83-08bb241a13a2,Dustin Lambert
0a93653c-9a8b-4e16-8739-4380e170bc21,Steven Tucker
ad9649b3-3719-4aae-b314-2b3e30a7cb82,Catherine Ferrell
f1157091-f968-486c-8ffd-7c9ae702faa6,Joe Johnson
c27c44e6-1e76-4b3b-b75a-918f296602bc,Sara Hughes
154c850f-b30b-4aa5-ad7c-125a98b621c0,Michael Torres MD
5957a388-c8ec-4b99-8b7e-2624801efe73,Marissa Todd
6483e2b0-8c24-46b6-abe1-3bb0bd6b7221,Angela Payne
f9d72e2d-97db-4973-b489-bc9a57cfc90a,Derek Martinez
82b89e08-83f7-4df8-b1c6-d9dcaa2ec06c,Wendy Bernard
b86089ad-6452-45c7-bddd-e3274e103bd6,Eric Peterson
92e7338f-1a51-4a95-9796-f65ee7faf5f6,Patrick Zimmerman
5ac5e8ed-a5eb-449a-be62-f4ade3c5014d,Laurie Morgan
a93b6462-8d79-4ad0-b4a6-fb591acf8e57,Heather Velez
348257c9-e7ed-46b3-a9e3-673ba8bbdd09,Evan Lopez
db3e2ebf-feb2-45b1-b187-5aa0b9419d62,Theresa Aguirre
cb0ebd7b-1257-40e2-820c-f0a6771f120c,Derek Ray
6724537c-1709-47e5-bc93-880be538b43d,Stephen Hernandez
79ff72dd-9abc-45cd-8544-f24316a44ad0,Kimberly Gonzalez
b668d150-b408-422f-aaaa-7fefa9e6c7f2,Kathryn Burnett
448f8b28-1384-4bb1-a42b-bd346ecfc7f5,Katherine Adams
ba7c0ae9-42ff-42b5-8ca0-7f4798a8baf8,Michael Robinson
cf017571-fef3-4515-87a7-5dbe93fde8cb,Allen Kline
67e48a1b-8ed2-4d5f-bd35-445d7db7d339,Kevin Sullivan
8e753467-9f6f-480e-9048-325a6cf679fb,Willie Galvan
dd811951-70d1-4100-81a4-82c31b78065c,Timothy Thomas
772310fc-ce28-4e30-ab2e-caf7e6a2028e,James Nelson
081273eb-f3b8-40f8-9537-42c04774adf9,Michelle Cook
f0dceedb-0a47-4d9d-b824-b6217abccecd,Samantha Marks
b9a03223-f9fc-4502-ad55-692bf63f402c,Tyler Clay
a16ccf46-542b-42af-9bef-08f0afdcdf0b,Caitlin Yang
c4571f2e-0249-4a43-b40f-a6db4c81b6cf,Tammy Church
be4d7e55-2fee-43b5-a050-919c48387b08,Regina Bennett
6bea1e8d-eab2-4e5c-93ba-c56f7bcf1493,Judith Liu
95b0a512-94b9-40c9-8a5b-5233fb83c336,David Johnson
bbca3554-8846-4a1b-805a-a2d6e2aaef36,Carl Randall
7812d0bb-f807-45f5-8776-7a2eab4156fa,Rick Lee
2cfce5cc-9d6f-4f3f-bb5b-824ab462ac0f,Andrea Garner
9b619cac-6731-4832-9d34-3a3b0f6ae954,Joel Norris
121bacd9-65d2-4b25-8a5b-efa6f2727420,George Mosley
28c3dcd9-ab82-4025-99f0-cae2c85f53e1,Teresa Benson
4f6cf5d6-61b8-4968-87bd-6bded5b014eb,Susan Nichols
d524f6d8-c50b-4445-a305-282a783c4ab1,Tina Norris
5c682d49-43ca-4ddf-9f3f-e089a9404af0,Edward James
54a060d4-53d9-4796-9607-746840a64341,Taylor Gillespie
de1538e0-fe18-4053-83a3-c38e943f1a6d,Deborah Brock
fca31ee0-7eaa-4933-8b52-ec77214bdde0,Margaret Le
8641096d-d187-44a4-9713-fb9620f1ddf7,Olivia Baker
b7e8daf8-67fd-4318-9113-438928bde61b,Amanda Russell
a209d4dd-5c30-4a0e-927c-f8e129f2b083,Joshua Brown
24dbdac1-dda1-421e-bc19-38beba3f53d0,Briana Evans
8b915163-d390-4d05-9aa0-0a7da620b1f5,Curtis Hurley
f8ebaee0-bb1c-4c51-9e2b-d47a1f3f07aa,Wendy Gillespie
514f4395-e3a0-47a0-acb3-a53dc7eb0d76,Thomas Morris
ae0b87cf-d915-432d-bcc0-4de8c45b3074,Kevin Knox
c854fec7-aed9-47c4-8ee1-42d57b2eb892,Todd Flowers
f2edc7af-2c6c-4954-87e1-652cf04a9c02,Jennifer Alvarez
83c78383-7b2b-48ce-81e8-78d4fb3d052e,Michael Taylor
1fbb5dc8-166f-41ec-9a53-aaac78c87b2c,Mrs. Michelle Brown
28aea312-cd1d-48ce-8130-daf877bd0ac8,Trevor Hinton
bd2bb40a-3c8c-4c82-95cd-8d0e7c015f7a,Rachel King
e114e081-eac3-4e61-b0c8-80685d2d7b5a,Mark Brown
dd0b637c-6e54-495f-b495-28ace5393ba5,Samantha Griffith
0902e79a-62d6-4301-97b2-c2b5c855a3fd,Benjamin Meyer
22b2c3ce-8a55-4df6-992b-0bf4a488404c,Amy Nichols
9981f01c-69ab-4b84-a1b7-aa6a31dd1ff3,Michael Bass
e6c7dccc-345a-4ec3-acd9-0d3439199718,Sean Sanford
a9c8d1a3-07b6-472f-8916-85b92c99bae4,Regina Mccoy
5683531a-56b7-4395-8fd2-74b984e246cb,Candice Brown
1601b1c7-82d9-4622-9c5d-d105b3f5976d,Julie Scott
8049e1b6-c601-4618-ac3d-4830cbb84e46,Heather Hamilton
c30fa553-ea86-4854-8984-86a94172ddbc,Travis Clark
068068f2-7ded-435d-ac3d-43bf7318f05e,Laura Flores
11ec9b4b-6fe9-4f8b-9f45-a56b8c32239b,Lisa Lewis
705ebe87-bd36-4a39-9a0d-294d1fd80970,Amy Wallace
b4cb0c6c-d836-47dc-b9dd-ba231af4077a,Heidi Short
8b9272e9-9bb0-46bb-8458-e0d03d254722,Courtney Stout
35db8213-0d5d-470c-a0cb-98b47f5e6f4f,Krystal Lawrence
1a35431b-985e-409e-9889-5d8d12bdc9fe,James Mann
46961c80-d319-442e-b561-ca30d631258a,Adam Turner
6944d19f-b7f0-4805-ad3c-616716601dd9,Anna Holland MD
854b2dc2-f2b5-4ad9-8977-494c128ea66d,Elizabeth Taylor
86e226ac-214b-4fd8-897d-c06792f2590a,John Berger
ff94eb93-7226-42c9-a151-f03e94d552b0,Deanna Wilson
338b0456-0c24-41b2-b1b3-8f0ad4eb1bdb,Amanda Manning
5558635a-491d-4ffa-bd2e-5b802c38df2f,Matthew Marshall DVM
b71a0f93-eefe-41fb-bfd4-59c57f6964ab,Donna Rogers
bd666367-9577-4671-9618-790fb7a98ef1,Crystal Smith
b4fc2124-93fd-4fad-bf64-3fb01fcd246f,Melissa Thompson
ce3d58d2-d3a5-43fa-91a6-194df7c92ce9,Sheena Prince
94cc82df-82a5-4213-b146-de32a54de66a,Brittney Lopez
a6850f00-f9d3-4de0-b1f7-9ebcb425b9cb,Kristina Walsh
100dddf7-c04a-4727-b0a7-f64f5d11307b,Anthony Cook
d3ee759e-a6ad-4bb6-8ced-f760f3fec511,Alexa Camacho
b4748612-223f-42f5-aff4-4ae895ef0605,Blake Johnson
4eb4e313-bd60-41a5-a312-01454b3a315b,Richard Hicks
3e4cd4e9-511e-4371-a323-812d928e97e8,Sheena Richardson
b0cca87f-075d-4cdd-a8f2-c3c5b3f76f68,Aaron Mcdaniel
0c0d7ab2-88c0-48a0-9540-cdba088c41f7,Samuel Moore
8e41be71-3379-4296-9417-d22347615e92,Kimberly Riggs
eba5a495-0488-4a6a-be55-df4d19731833,Jennifer Humphrey
14ba1bc0-f2c1-478c-93d8-674e17d4f394,Keith White
2e5c64fb-2b6e-4533-bc15-c2b1dc1784b5,Charles Clark
1cd12914-78fb-42fc-8bd4-645ee4ad61b1,Faith Long
1a219ed5-8a4c-4fe9-b537-49b3dbb64911,Gregory Weber
936a42bc-6be7-4988-9a51-6eab80b3a52a,David Bowers
00ce7f88-273c-4eb3-ba9a-0ce3e950ee7d,Mr. Joseph Harvey PhD
b8d8f25b-b29d-440c-82a9-1ec7451231da,Matthew Holloway
758d238a-13ed-496d-8a85-0ae56ad77375,Cody Hampton
5119b6c5-e071-4e93-ad91-ad3a35abd3e7,David Garner
064ac86c-0460-4b5f-84b5-e353c0335b13,Cynthia Frank
d3d0519e-701d-4369-b1c8-1c9facec35ac,Rachel Oliver
398a0f6b-21f0-4a6c-a855-4a610333d44d,Angelica Kelly
a98ab65b-be34-43c9-87d6-d85a5471ab35,Garrett Baldwin
cab45200-2f07-42e9-b2b8-54687fcb8bc1,Vanessa Scott
b9deaf82-f586-4236-bb7a-0f822b93fed6,Katherine Scott
a240ddf6-2261-430d-b63d-42e5c387ed7a,Alice Pierce
49154392-4b9d-4400-955e-59dcf8aae789,Joseph Ross
5dbbff6d-5cd1-44a5-b4b4-274e2eb3ddb7,Heidi Ferguson
